Name,fcast_grp,basin,lat_cent,lon_cent,square_mi,mean_m,mean_ft,p13_meanann_p_mm,p13_meanann_p_in,p13_meanann_t_c,p13_meanann_t_f,p19_meanann_p_mm,p19_meanann_p_in,p19_meanann_t_c,p19_meanann_t_f,p19p13_p_perdiff,p19p13_t_perdiff
ACSC1HOF,CentralCoast,ACSC1,37.560792,-121.770821,39.230798,494.422498,1622.121108,536.227594,21.111334,14.695127,58.451228,534.675132,21.050213,14.715867,58.48856,-0.2895155,0.063868632
ADLC1LOF,CentralCoast,ADLC1,37.674447,-121.745891,216.590685,331.245002,1086.761854,469.298988,18.476348,15.232102,59.417784,468.736387,18.454198,15.232153,59.417876,-0.119881145,0.000154836
ADOC1LOF,SouthernCalifornia,ADOC1,34.0546,-117.591821,399.000311,496.034047,1627.408343,460.279596,18.121254,17.598879,63.677983,461.330007,18.162609,17.584458,63.652025,0.228211506,-0.040764482
AHOC1HOF,CentralCoast,AHOC1,37.355637,-121.633729,77.439622,816.170315,2677.724217,609.73278,24.005241,14.269744,57.68554,610.453278,24.033607,14.25625,57.66125,0.118166191,-0.042107606
AKYC1HLF,American,AKYC1,38.76468,-120.292315,7.234782,1398.283742,4587.545231,1133.302277,44.618224,10.938571,51.689429,1128.904395,44.445079,11.2524,52.25432,-0.388059046,1.092855949
AKYC1HUF,American,AKYC1,38.734734,-120.148818,185.44116,2192.182548,7192.200189,1292.665807,50.892382,6.780751,44.205351,1289.390252,50.763423,6.851933,44.33348,-0.253395346,0.289849525
ALQC1HOF,CentralCoast,ALQC1,37.75402,-121.929737,39.658213,212.795603,698.148325,591.577152,23.290452,15.327595,59.589671,593.242649,23.356022,15.318278,59.572901,0.281535045,-0.028142461
ALRC1HOF,CentralCoast,ALRC1,37.145565,-121.851912,11.994762,546.96335,1794.499236,1072.642856,42.230057,14.61551,58.307918,1074.609091,42.307467,14.632727,58.338909,0.183307518,0.053150586
ANDC1LOF,CentralCoast,ANDC1,37.219583,-121.62553,81.118979,480.749474,1577.262105,601.258245,23.671597,14.857292,58.743126,601.319574,23.674012,14.842484,58.716471,0.01020011,-0.045375522
ANTC1HOF,FeatherYuba,ANTC1,40.22746,-120.616723,71.015894,1833.712336,6016.11678,703.264186,27.687581,7.918997,46.254194,703.479499,27.696058,7.913571,46.244429,0.030616233,-0.021111599
APCC1LOF,RussianNapa,APCC1,38.429871,-122.388162,87.482211,196.566477,644.903159,905.085084,35.63329,15.411638,59.740949,907.770265,35.739006,15.393876,59.708976,0.296677191,-0.053519404
ARCC1LOF,NorthCoast,ARCC1,40.720257,-123.789268,364.430785,694.281439,2277.826318,1792.213564,70.559627,11.826471,53.287647,1793.025159,70.59158,11.827091,53.288763,0.045284503,0.002094294
AROC1LOF,CentralCoast,AROC1,36.962136,-121.512546,432.598974,219.384772,719.766336,566.403505,22.299363,15.104054,59.187297,566.568359,22.305853,15.103215,59.185788,0.029105399,-0.002549534
AVYC1LLF,SanJoaquin,AVYC1,38.297687,-120.244387,16.094089,1360.837968,4464.69164,1314.625002,51.756918,11.573125,52.831625,1312.255555,51.663632,11.578095,52.840571,-0.180237482,0.01693304
AVYC1LMF,SanJoaquin,AVYC1,38.396679,-120.104875,75.14271,2011.69885,6600.062054,1396.464886,54.978962,8.296436,46.933584,1394.799057,54.913378,8.305035,46.949063,-0.119289,0.032980648
AWEC1LOF,CentralCoast,AWEC1,37.516686,-121.81852,16.84085,420.238899,1378.736589,549.371714,21.628819,14.835857,58.704543,550.403637,21.669446,14.806212,58.651182,0.187836937,-0.090897565
BCAC1LLF,EastSierra,BCAC1,39.425971,-120.114052,21.315928,1766.449688,5795.438795,591.469091,23.286197,7.072159,44.729886,592.888193,23.342067,7.062169,44.711904,0.239928345,-0.04020131
BCAC1LUF,EastSierra,BCAC1,39.442806,-120.086163,14.889335,1983.364747,6507.102398,623.521931,24.548121,6.664737,43.996526,619.483726,24.389136,6.638814,43.949865,-0.647644421,-0.106056101
BCKC1HOF,SanJoaquin,BCKC1,37.48255,-120.134802,72.055001,480.057396,1574.991507,590.813206,23.260375,15.863693,60.554648,592.918279,23.343252,15.854762,60.538571,0.356300939,-0.026549572
BDBC1LOF,UpperSacramento,BDBC1,40.505433,-122.203809,499.873588,335.413339,1100.437498,996.661743,39.238672,16.184696,61.132453,997.822692,39.284379,16.195724,61.152303,0.116483753,0.032470478
BHNC1HOF,SanJoaquin,BHNC1,37.387102,-119.85833,233.832698,658.162018,2159.324275,702.627515,27.662516,15.46667,59.840006,700.833023,27.591866,15.4712,59.848161,-0.255397342,0.013628007
BKCC1HLF,UpperSacramento,BKCC1,39.914399,-121.602972,107.338263,890.006838,2919.970034,1614.209331,63.551583,13.701843,56.663318,1617.990709,63.700456,13.700757,56.661362,0.234255739,-0.003451969
BKCC1HUF,UpperSacramento,BKCC1,40.100756,-121.456081,40.773749,1772.930804,5816.7023,1823.080361,71.774856,8.423373,47.162072,1821.562608,71.715102,8.405839,47.130509,-0.083252117,-0.066924541
BLBC1LLF,UpperSacramento,BLBC1,39.702351,-122.620004,414.672821,648.845778,2128.759181,753.681457,29.672514,14.625322,58.32558,752.141295,29.611878,14.641799,58.355238,-0.20435185,0.050849044
BLBC1LUF,UpperSacramento,BLBC1,39.747783,-122.837356,25.709018,1689.327871,5542.414451,1312.994149,51.692711,9.787547,49.617585,1306.007822,51.417659,9.79297,49.627347,-0.532091252,0.019674476
BLKC1HOF,NorthCoast,BLKC1,40.812689,-123.759997,67.784211,893.455843,2931.285669,2357.673398,92.821837,11.870584,53.367051,2359.372716,92.88874,11.859777,53.347599,0.072076056,-0.036449456
BNCC1HOF,SanJoaquin,BNCC1,37.468571,-120.2436,72.405818,255.573173,838.494688,455.419558,17.929914,16.588333,61.859,456.570719,17.975235,16.582446,61.848403,0.252769338,-0.017130894
BOYO3LLF,Klamath,BOYO3,42.17205,-122.054672,96.649092,1333.698294,4375.65071,580.381708,22.849686,7.605179,45.689321,580.277525,22.845584,7.600383,45.680689,-0.017950772,-0.018892817
BOYO3LUF,Klamath,BOYO3,42.257002,-122.143284,59.768614,1713.904499,5623.046437,1122.987418,44.212127,6.410333,43.5386,1122.58537,44.196298,6.380287,43.484516,-0.035801648,-0.124220806
BPRC1HLF,EastSierra,BPRC1,38.22954,-119.241231,174.648524,2199.998773,7217.843974,399.933759,15.745432,6.525834,43.746502,396.535674,15.611649,6.549162,43.788491,-0.849661956,0.095982531
BPRC1HUF,EastSierra,BPRC1,38.195123,-119.313246,184.583396,2810.693068,9221.434244,795.007181,31.299512,3.388966,38.10014,793.696405,31.247907,3.411362,38.140452,-0.164875995,0.105805385
BRDC1LOF,CentralCoast,BRDC1,35.754614,-120.669183,575.567237,390.992631,1282.784264,432.222424,17.01664,15.263762,59.474772,431.815995,17.000639,15.266,59.4788,-0.094032373,0.006772619
BRGC1HOF,NorthCoast,BRGC1,40.422501,-123.63264,221.220321,922.868671,3027.78445,1755.445959,69.112083,11.651295,52.97233,1753.428547,69.032657,11.653455,52.97622,-0.114923048,0.007343456
BSCC1HOF,RussianNapa,BSCC1,38.800306,-122.853459,85.19963,638.849974,2095.964548,1198.304685,47.177375,14.477114,58.058806,1197.579242,47.148815,14.484909,58.072836,-0.060539111,0.024165154
BSRC1HOF,CentralCoast,BSRC1,36.243553,-121.68111,46.637936,776.689015,2548.192387,1126.26213,44.341053,14.340426,57.812766,1128.772375,44.439881,14.328927,57.792068,0.222882838,-0.035801781
BTEC1HOF,CentralCoast,BTEC1,37.139464,-122.086579,106.870452,363.535301,1192.701157,1201.887743,47.318441,14.706843,58.472318,1200.519358,47.264567,14.71349,58.484282,-0.113852979,0.020460964
BTJC1HOF,SouthernCalifornia,BTJC1,34.330302,-118.098538,82.219159,1375.613379,4513.167398,725.909162,28.579116,14.190539,57.54297,725.601678,28.567011,14.195134,57.551242,-0.042358468,0.014375344
BTYO3HLF,Klamath,BTYO3,42.436742,-121.052616,187.267269,1411.844301,4632.035255,410.080305,16.144903,7.652825,45.775085,409.953948,16.139928,7.653529,45.776353,-0.030812745,0.002770066
BTYO3HUF,Klamath,BTYO3,42.445731,-120.924041,338.603871,1768.651625,5802.662997,652.410468,25.685465,6.373409,43.472136,652.350709,25.683113,6.371518,43.468733,-0.009159724,-0.007828003
BURC1LLF,Klamath,BURC1,40.828787,-123.188516,301.866251,985.859652,3234.447782,1152.436431,45.371538,11.516822,52.730279,1151.758297,45.344839,11.539377,52.770878,-0.058843506,0.076993714
BURC1LUF,Klamath,BURC1,40.944279,-123.103068,82.324702,1847.136206,6060.158349,1669.502084,65.728464,7.976963,46.358534,1673.306089,65.878228,7.861061,46.149909,0.227852666,-0.450025016
BWKC1HOF,FeatherYuba,BWKC1,39.43326,-120.581533,28.398779,2012.9568,6604.189189,1858.266104,73.160122,6.919027,44.454248,1855.509022,73.051576,6.867345,44.361221,-0.148368525,-0.20926459
CADC1HOF,CentralCoast,CADC1,37.169934,-121.775714,6.992944,243.936223,800.315717,649.871789,25.585517,15.151786,59.273214,645.493707,25.413152,15.136296,59.245333,-0.67368396,-0.047038111
CBAC1LLF,American,CBAC1,38.818971,-120.645236,203.063519,1001.19821,3284.771135,1218.824689,47.98525,13.962187,57.131937,1218.655183,47.978576,13.977992,57.160386,-0.013907332,0.049795266
CBAC1LUF,American,CBAC1,38.717093,-120.326769,30.761724,1759.763727,5773.503228,1271.105853,50.043565,9.744634,49.540341,1269.002346,49.960749,9.792609,49.626696,-0.165486375,0.174312486
CCHC1LOF,SouthernCalifornia,CCHC1,34.634627,-119.844779,140.438116,790.568082,2593.727385,782.79425,30.818688,15.542892,59.977206,781.570137,30.770494,15.554961,59.99893,-0.156377362,0.036220427
CDLC1LOF,RussianNapa,CDLC1,38.949253,-123.0929,140.534862,470.051711,1542.164455,1224.23917,48.198419,14.675273,58.415492,1225.4251,48.245109,14.669982,58.405967,0.096870777,-0.016305606
CEGC1LLF,Klamath,CEGC1,40.959826,-122.729852,320.987429,1052.000114,3451.444055,1345.397791,52.968446,11.593187,52.867737,1344.871498,52.947725,11.621608,52.918894,-0.039118022,0.096764119
CEGC1LUF,Klamath,CEGC1,41.068677,-122.794201,223.311701,1861.682588,6107.882701,1838.829503,72.394901,7.549403,45.588926,1840.331645,72.454041,7.523022,45.54144,0.081690118,-0.104161261
CEMC1HLF,EastSierra,CEMC1,38.618566,-119.730576,142.962201,2147.458291,7045.467061,838.660736,33.018157,6.639521,43.951137,824.495702,32.460478,6.682032,44.027658,-1.689006459,0.174104711
CEMC1HUF,EastSierra,CEMC1,38.525416,-119.710583,133.583934,2693.40846,8836.64221,1155.96101,45.510301,4.048785,39.287813,1159.792804,45.661159,4.038196,39.268753,0.33148125,-0.048513772
CFWC1LOF,FeatherYuba,CFWC1,39.087042,-121.095558,179.625101,511.962238,1679.666188,1063.273882,41.861199,15.127307,59.229152,1062.346352,41.824682,15.13056,59.235009,-0.087233404,0.009888712
CHLC1LOF,CentralCoast,CHLC1,36.430415,-121.39091,228.993886,270.651832,887.965358,399.198146,15.716471,14.713991,58.485184,401.875946,15.821896,14.709295,58.476731,0.670794699,-0.014453233
CHSO3LLF,Klamath,CHSO3,42.521761,-121.526927,366.167704,1389.044242,4557.23191,451.687145,17.782968,7.174292,44.913725,451.206215,17.764034,7.175285,44.915512,-0.106474139,0.003978739
CHSO3LUF,Klamath,CHSO3,42.498427,-121.512574,142.193703,1660.763074,5448.697923,681.178613,26.81807,6.59792,43.876256,686.453989,27.025762,6.589516,43.86113,0.774448272,-0.034474227
CHVC1HLF,SanJoaquin,CHVC1,38.001189,-119.906643,5.031683,1455.081112,4773.888315,1237.352278,48.714683,11.231818,52.217273,1237.968124,48.738929,11.43125,52.57625,0.049771275,0.687467919
CHVC1HMF,SanJoaquin,CHVC1,38.086713,-119.854153,49.90714,2094.001107,6870.082592,1318.533933,51.910813,7.211841,44.981313,1318.78995,51.920892,7.261684,45.071031,0.019416793,0.199456161
CHVC1HUF,SanJoaquin,CHVC1,38.171289,-119.7244,61.615534,2715.056687,8907.666582,1586.239958,62.450426,3.238446,37.829203,1586.422316,62.457605,3.231202,37.816163,0.011496243,-0.034470724
CKEC1HLF,Klamath,CKEC1,41.799654,-120.991006,413.619659,1450.237729,4757.997949,402.872484,15.86113,7.887129,46.196833,403.100714,15.870115,7.886417,46.19555,0.05665068,-0.002777247
CKEC1HUF,Klamath,CKEC1,41.87969,-120.771162,289.73106,1605.888066,5268.661802,502.85693,19.797528,7.426803,45.368246,502.872901,19.798156,7.423601,45.362481,0.003176052,-0.012707126
CLKC1LOF,CachePutah,CLKC1,39.028896,-122.811692,366.53134,545.943582,1791.153541,938.265834,36.93962,14.26535,57.67763,938.359157,36.943294,14.260382,57.668688,0.009946328,-0.015503411
CLLC1HOF,SouthernCalifornia,CLLC1,34.266937,-118.84693,248.916631,319.27027,1047.474672,454.986206,17.912852,17.009298,62.616737,454.749197,17.903521,17.014983,62.62697,-0.052091469,0.016342276
CMCC1LOF,N_SanJoaquin,CMCC1,38.231401,-120.922762,43.407999,109.416858,358.979205,541.504969,21.319105,16.415314,61.547566,542.170301,21.345299,16.414303,61.545745,0.122867201,-0.002958687
CMIC1LOF,CentralCoast,CMIC1,37.341888,-121.782924,84.142351,278.955453,915.208209,491.694012,19.358042,15.214913,59.386843,491.538505,19.35192,15.212897,59.383215,-0.031626783,-0.006109097
CMPC1HLF,N_SanJoaquin,CMPC1,38.398386,-120.472361,258.827636,988.951185,3244.590604,1096.670836,43.17604,13.714552,56.686194,1098.102636,43.232411,13.703817,56.66687,0.130558774,-0.034089429
CMPC1HMF,N_SanJoaquin,CMPC1,38.504683,-120.154805,233.212963,1990.442063,6530.321939,1376.932392,54.209966,8.569509,47.425116,1378.918488,54.288159,8.511656,47.32098,0.144240633,-0.219579853
CMPC1HUF,N_SanJoaquin,CMPC1,38.571408,-119.95593,82.596055,2583.42411,8475.801156,1466.924374,57.752959,4.71563,40.488135,1472.240838,57.962269,4.588814,40.259865,0.362422501,-0.563794801
CNBC1LLF,UpperSacramento,CNBC1,41.483746,-120.611064,929.027701,1469.939637,4822.636757,389.215621,15.323458,8.251813,46.853264,389.862987,15.348945,8.249698,46.849457,0.166325801,-0.008125368
CNBC1LUF,UpperSacramento,CNBC1,41.350718,-120.464454,265.29559,1905.645056,6252.116524,627.031847,24.686307,6.227008,43.208615,629.063363,24.766288,6.202812,43.165062,0.323989285,-0.100797029
COTC1HLF,UpperSacramento,COTC1,40.435308,-121.824487,235.431438,913.574228,2997.290871,1034.989853,40.747654,13.519316,56.334768,1036.149305,40.793302,13.503412,56.306141,0.112025446,-0.050815866
COTC1HUF,UpperSacramento,COTC1,40.463851,-121.606481,122.802089,1856.092525,6089.5426,1491.865728,58.734903,7.692725,45.846906,1486.784351,58.534849,7.68614,45.835051,-0.340605519,-0.025857797
COYC1HOF,CentralCoast,COYC1,37.16427,-121.48502,113.592959,597.147171,1959.144323,584.826661,23.024684,15.125742,59.226336,584.118736,22.996813,15.139297,59.250735,-0.121048688,0.0411962
CREC1HOF,NorthCoast,CREC1,41.827735,-123.867934,613.346213,765.832359,2512.573437,2753.840808,108.418988,11.322549,52.380589,2753.915823,108.421941,11.324051,52.383291,0.002724014,0.005158399
CSKC1LOF,SouthernCalifornia,CSKC1,34.609262,-118.539166,61.391749,891.576596,2925.120158,557.488104,21.948362,16.279315,61.302766,559.593259,22.031243,16.274464,61.294036,0.377614336,-0.014240793
CTIC1HOF,RussianNapa,CTIC1,38.352767,-122.69001,40.816256,115.501402,378.941618,888.459821,34.978752,14.527515,58.149527,888.353204,34.974554,14.533974,58.161154,-0.012000205,0.019995004
CVQC1LOF,CentralCoast,CVQC1,37.463738,-121.806121,20.892953,445.911376,1462.96388,563.478905,22.184221,14.745122,58.541219,561.660381,22.112625,14.760506,58.568911,-0.322731514,0.047303422
CWAC1HLF,UpperSacramento,CWAC1,40.321784,-122.685783,858.233081,596.090455,1955.677408,934.060021,36.774036,14.538909,58.170036,934.370207,36.786248,14.542808,58.177054,0.033208358,0.012064631
CWAC1HUF,UpperSacramento,CWAC1,40.16987,-122.89808,64.840867,1728.697216,5671.578974,1559.388797,61.393293,9.481667,49.067,1566.044959,61.655347,9.370238,48.866429,0.426844288,-0.408769642
CWCC1HLF,UpperSacramento,CWCC1,40.655711,-122.014576,384.660115,583.977401,1915.936416,1186.398245,46.708618,15.14166,59.254988,1186.798624,46.72438,15.130803,59.235445,0.033747437,-0.03298119
CWCC1HUF,UpperSacramento,CWCC1,40.682634,-121.739947,38.024045,1703.345268,5588.403289,1428.172694,56.227302,8.876776,47.978197,1429.967901,56.297979,8.853851,47.936932,0.125699575,-0.086007817
CYBC1HOF,SouthernCalifornia,CYBC1,34.893368,-119.634175,884.870935,1030.890854,3382.18795,400.591896,15.771343,14.505607,58.110092,400.63441,15.773017,14.501998,58.103596,0.010612796,-0.011178781
CYEC1LOF,CentralCoast,CYEC1,37.195948,-121.716118,36.375457,147.295044,483.251474,510.694529,20.106095,15.603041,60.085473,511.763929,20.148197,15.5995,60.0791,0.209401108,-0.010606557
DCMC1LOF,SanJoaquin,DCMC1,37.710932,-120.709722,132.130497,74.532668,244.52976,409.655589,16.128182,16.627645,61.929761,410.651072,16.167374,16.626766,61.928178,0.243004862,-0.002556122
DCSC1HOF,FeatherYuba,DCSC1,39.247094,-121.051318,84.268968,772.748844,2535.265316,1372.649359,54.041343,14.15484,57.478711,1370.299032,53.94881,14.15719,57.482943,-0.171225593,0.007362726
DCVC1HLF,UpperSacramento,DCVC1,40.136389,-121.637566,134.03659,1037.715384,3404.578142,1414.932763,55.706044,12.584707,54.652473,1412.655861,55.616403,12.601628,54.682931,-0.160919449,0.055730323
DCVC1HUF,UpperSacramento,DCVC1,40.251955,-121.456394,75.268753,1712.29253,5617.757824,1562.251526,61.505999,8.607898,47.494217,1564.957745,61.612543,8.634027,47.541249,0.173225563,0.099026793
DCWC1HOF,FeatherYuba,DCWC1,39.120892,-121.252404,100.040758,279.457347,916.854841,839.533859,33.052532,16.01817,60.832707,839.672916,33.058007,16.013581,60.824445,0.016563596,-0.01358151
DEPC1HLF,SouthernCalifornia,DEPC1,33.580324,-116.405148,25.190553,1278.379939,4194.160041,351.4706,13.837433,15.2298,59.41364,353.740329,13.926792,15.194506,59.35011,0.645780614,-0.106928308
DEPC1HUF,SouthernCalifornia,DEPC1,33.538468,-116.419738,5.282736,2098.952906,6886.328651,530.827089,20.898716,10.44625,50.80325,538.687898,21.208196,10.399474,50.719053,1.480860559,-0.165731523
DIXN2HLF,Humboldt,DIXN2,40.380699,-115.714896,887.56392,1804.356789,5919.805927,305.27905,12.018867,7.331053,45.195896,305.405803,12.023857,7.331774,45.197193,0.041520373,0.00286973
DIXN2HUF,Humboldt,DIXN2,40.342512,-115.577622,220.512595,2497.682433,8194.496432,641.067805,25.238904,5.059867,41.107761,645.305569,25.405745,5.016157,41.029082,0.661047703,-0.191396948
DKHC1HOF,SouthernCalifornia,DKHC1,34.290731,-117.088899,134.39111,1784.778862,5855.573882,559.745662,22.037243,11.64921,52.968577,559.392082,22.023322,11.63849,52.949282,-0.063167975,-0.036427258
DLMC1HLF,Tulare,DLMC1,36.569668,-119.005156,73.081378,784.412344,2573.531395,648.510782,25.531934,16.021122,60.83802,650.927709,25.627089,15.992727,60.786909,0.372688792,-0.08401161
DLMC1HUF,Tulare,DLMC1,36.709657,-118.961503,2.497425,1757.645645,5766.554138,997.271812,39.262691,10.080909,50.145637,1000.466992,39.388486,10.156,50.2808,0.32039209,0.269540897
DLTC1HLF,UpperSacramento,DLTC1,41.135892,-122.354226,307.223186,1031.627476,3384.604687,1708.488658,67.263369,12.086187,53.755136,1709.431193,67.300477,12.105744,53.790339,0.055167765,0.065487696
DLTC1HUF,UpperSacramento,DLTC1,41.233955,-122.402998,111.992831,1870.797831,6137.788355,1595.911113,62.83118,7.2606,45.06908,1590.038871,62.599989,7.261305,45.07035,-0.367955455,0.002817896
DMCC1HOF,FeatherYuba,DMCC1,39.421338,-121.263073,71.348783,655.701109,2151.250427,1350.345812,53.16325,14.770381,58.586685,1355.295654,53.358125,14.750071,58.550127,0.366561066,-0.062399844
DNRC1HOF,EastSierra,DNRC1,39.326437,-120.29115,14.491757,2054.444418,6740.303424,1195.132362,47.052481,6.064,42.9152,1190.951403,46.887876,6.054386,42.897895,-0.349832297,-0.040323708
DOSC1HLF,NorthCoast,DOSC1,39.762131,-123.104457,565.667539,932.586683,3059.667693,1386.519046,54.587393,12.729704,54.913467,1388.26513,54.656137,12.728239,54.91083,0.125932926,-0.004802101
DOSC1HUF,NorthCoast,DOSC1,39.874936,-122.976753,179.135224,1723.730584,5655.284249,1874.146131,73.785321,9.436745,48.986142,1876.058045,73.860593,9.395195,48.911352,0.102015204,-0.152675832
DRYC1HOF,SanJoaquin,DRYC1,37.756496,-120.51612,76.030786,208.904936,685.38367,479.037273,18.859745,16.478344,61.66102,478.187501,18.82629,16.477847,61.660125,-0.177391624,-0.001451484
DSNC1HOF,SanJoaquin,DSNC1,37.595598,-120.377534,67.752598,180.836584,593.295898,416.617319,16.402266,16.702391,62.064304,418.114212,16.461198,16.700512,62.060921,0.359296873,-0.005450798
DVGN2HLF,Humboldt,DVGN2,41.306254,-115.738643,764.644437,1907.591898,6258.503803,323.847092,12.749892,6.038179,42.868723,323.309958,12.728745,6.040023,42.872041,-0.165860375,0.007739909
DVGN2HUF,Humboldt,DVGN2,41.40788,-115.836858,107.772696,2309.728645,7577.850129,607.079373,23.900776,5.021953,41.039516,603.602641,23.763896,5.040632,41.073138,-0.572698094,0.081925917
DVSC1HOF,FeatherYuba,DVSC1,39.910618,-120.545868,43.514514,1860.177481,6102.944686,749.988905,29.527138,7.261503,45.070705,751.18134,29.574084,7.259302,45.066744,0.158993685,-0.008788414
EDCC1HLF,UpperSacramento,EDCC1,39.996501,-122.642931,77.597731,763.378315,2504.522111,853.848527,33.616102,14.418715,57.953686,849.149403,33.431097,14.48096,58.065728,-0.550346326,0.19333024
EDCC1HUF,UpperSacramento,EDCC1,39.996011,-122.743011,14.805329,1704.751515,5593.016962,1192.554033,46.950972,9.723509,49.502316,1188.840004,46.80475,9.728793,49.511827,-0.311434861,0.019213242
EDOC1HLF,N_SanJoaquin,EDOC1,38.668615,-120.610819,158.018834,968.047852,3176.010115,1142.407591,44.976701,13.896056,57.012901,1140.959998,44.919709,13.914959,57.046926,-0.126714232,0.059679475
EDOC1HUF,N_SanJoaquin,EDOC1,38.66052,-120.3594,46.800562,1769.473485,5805.35939,1381.93823,54.407046,9.645054,49.361097,1384.64159,54.513478,9.72612,49.507016,0.1956209,0.295615391
EFBC1HOF,SouthernCalifornia,EFBC1,34.652711,-118.643748,75.749074,1032.609375,3387.826142,566.107647,22.287715,15.514543,59.926177,565.835324,22.276993,15.463669,59.834604,-0.048104455,-0.152809681
ELPC1HOF,SouthernCalifornia,ELPC1,32.967603,-116.680588,188.454627,911.557059,2990.672861,555.767601,21.880626,15.429227,59.772608,557.081514,21.932355,15.421454,59.758617,0.236414105,-0.023407043
EPRC1HOF,UpperSacramento,EPRC1,39.281274,-122.551611,100.847287,674.263561,2212.150862,838.957567,33.029843,14.428273,57.970891,839.827393,33.064088,14.433646,57.980562,0.10367938,0.016682511
ESRC1HOF,CentralCoast,ESRC1,35.601627,-120.311579,923.787523,545.937727,1791.134333,372.001173,14.645723,15.0744,59.13392,372.701139,14.673281,15.073191,59.131745,0.18816231,-0.003678092
ETTC1HOF,NorthCoast,ETTC1,40.069598,-123.995522,70.882796,443.848214,1456.194973,2413.303511,95.012001,12.882778,55.189,2405.511298,94.70522,12.897518,55.215532,-0.322885744,0.048074798
EWSN2LLF,EastSierra,EWSN2,38.504604,-118.976157,594.011067,1962.275328,6437.911388,261.804992,10.307289,8.347727,47.025909,261.782528,10.306404,8.346082,47.022948,-0.008580432,-0.006296529
EWSN2LUF,EastSierra,EWSN2,38.363498,-119.030608,143.009151,2659.229824,8724.507575,478.550726,18.84059,4.53076,40.155368,482.249013,18.986192,4.48426,40.071667,0.772809819,-0.208442866
EXQC1LLF,SanJoaquin,EXQC1,37.655683,-120.002023,491.428318,866.506456,2842.869041,885.672457,34.869013,13.986503,57.175706,888.308384,34.97279,13.965904,57.138628,0.297618717,-0.064849221
EXQC1LMF,SanJoaquin,EXQC1,37.612284,-119.665507,166.59007,1942.043241,6371.533148,1135.885904,44.719942,9.555658,49.200185,1135.605594,44.708906,9.494952,49.090913,-0.024677655,-0.222096726
EXQC1LUF,SanJoaquin,EXQC1,37.579625,-119.483791,56.000064,2671.689651,8765.386273,1387.03139,54.607565,4.948072,40.906529,1387.027849,54.607425,4.942056,40.895701,-0.000255293,-0.026470102
FARC1LLF,EastSierra,FARC1,39.357971,-120.108053,21.755776,1759.197065,5771.644099,620.467415,24.427864,6.932022,44.47764,618.490229,24.350022,6.952069,44.513724,-0.318660731,0.081128405
FARC1LUF,EastSierra,FARC1,39.338782,-120.070156,77.141358,2264.291855,7428.779291,964.349436,37.966534,5.693323,42.247981,958.3026,37.728469,5.711993,42.281588,-0.627037853,0.079546997
FHDC1HOF,FeatherYuba,FHDC1,39.943162,-120.222812,81.415303,1948.406441,6392.409788,483.432848,19.0328,7.376,45.2768,481.891097,18.972101,7.380502,45.284903,-0.318917303,0.017896583
FMDC1HOF,American,FMDC1,39.160336,-120.37887,47.486164,1963.65996,6442.454142,1688.756566,66.486515,7.646042,45.762875,1687.885031,66.452202,7.654807,45.778652,-0.051608089,0.034475544
FMWC1LOF,UpperSacramento,FMWC1,39.276286,-122.016391,2681.193708,82.082336,269.29901,550.360193,21.667736,16.535719,61.764295,550.270844,21.664218,16.536135,61.765043,-0.016234641,0.001211056
FOCC1HOF,FeatherYuba,FOCC1,39.393514,-120.441441,31.686922,2229.302146,7313.983654,1800.310152,70.878391,5.406667,41.732,1804.604191,71.047447,5.404435,41.727984,0.238516624,-0.009623311
FOLC1LOF,American,FOLC1,38.82714,-120.914483,402.267793,506.896482,1663.046255,947.671269,37.309913,15.405102,59.729183,946.425895,37.260882,15.411797,59.741235,-0.131414135,0.020177741
FRAC1HLF,SanJoaquin,FRAC1,37.189168,-119.487804,415.190671,864.987761,2837.886445,794.802739,31.291463,15.034544,59.06218,795.400202,31.314985,15.034927,59.062869,0.075171231,0.001166567
FRAC1HMF,SanJoaquin,FRAC1,37.368729,-119.255984,526.276547,2031.618531,6665.415341,1052.314594,41.429731,8.540136,47.372245,1051.547063,41.399513,8.531692,47.357045,-0.072937409,-0.032086299
FRAC1HUF,SanJoaquin,FRAC1,37.401183,-119.000019,687.540261,3011.344173,9879.738418,1154.758126,45.462943,2.992379,37.386282,1154.880345,45.467755,2.996608,37.393894,0.010583948,0.020360409
FRGC1HOF,N_SanJoaquin,FRGC1,37.937808,-120.770805,217.959186,185.041173,607.090483,498.441845,19.623705,16.400612,61.521101,498.15144,19.612272,16.400981,61.521765,-0.058262564,0.001079304
FRNC1LOF,NorthCoast,FRNC1,40.564454,-123.985209,269.305213,424.699228,1393.370214,1526.953155,60.116298,12.431886,54.377395,1523.701737,59.98829,12.438272,54.38889,-0.21293502,0.021139299
FSNC1LOF,SouthernCalifornia,FSNC1,32.840822,-116.984916,166.821217,210.72919,691.368756,345.821156,13.615013,17.681348,63.826427,345.448533,13.600343,17.686442,63.835595,-0.107750204,0.014363956
FTBC1HOF,NorthCoast,FTBC1,39.433166,-123.569988,106.748482,276.906221,908.485007,1292.364752,50.88053,13.202306,55.764151,1292.946215,50.903422,13.19706,55.754708,0.044992174,-0.016933818
FTCN2LOF,EastSierra,FTCN2,39.239831,-119.552739,419.400044,1637.250323,5371.556348,332.860344,13.104745,9.946244,49.903239,333.679436,13.136993,9.936481,49.885665,0.246076775,-0.035216151
FTDC1LOF,NorthCoast,FTDC1,41.77011,-124.08661,58.069726,245.706113,806.122444,2170.984932,85.471894,12.024852,53.644734,2172.111366,85.516242,12.01141,53.620538,0.051885851,-0.045104148
FTJC1HLF,Klamath,FTJC1,41.50429,-122.827106,481.411476,1134.967999,3723.648409,713.322047,28.08356,10.710475,51.278854,709.778626,27.944055,10.72687,51.308366,-0.496749121,0.057551988
FTJC1HUF,Klamath,FTJC1,41.414146,-122.862813,180.05102,1813.617032,5950.187302,1341.239399,52.804729,7.664895,45.796812,1341.186382,52.802642,7.642603,45.756685,-0.003952836,-0.087619636
FTSC1LLF,NorthCoast,FTSC1,39.799613,-123.36008,1065.235855,724.200236,2375.985104,1541.650547,60.694936,13.035099,55.463177,1541.33107,60.682358,13.037188,55.466938,-0.020723049,0.006781076
FTSC1LUF,NorthCoast,FTSC1,39.803521,-123.137408,7.744205,1617.569405,5306.986405,1946.513214,76.63442,10.205357,50.369643,1959.220686,77.134714,10.257586,50.463655,0.652832558,0.186644166
GARC1LOF,SouthernCalifornia,GARC1,34.899966,-120.156831,191.790872,529.672357,1737.770255,481.532152,18.957969,15.654845,60.178722,481.603248,18.960768,15.661532,60.190757,0.014764539,0.019998763
GERO3HLF,Klamath,GERO3,42.233277,-121.141848,67.950119,1496.098716,4908.460512,448.676975,17.664457,7.589594,45.661269,449.005329,17.677385,7.589927,45.661869,0.073182717,0.001314024
GERO3HUF,Klamath,GERO3,42.210744,-121.030019,166.216979,1641.271406,5384.748879,522.137493,20.556605,7.114956,44.80692,521.468306,20.530259,7.11838,44.813084,-0.128162986,0.013756804
GEYC1LOF,RussianNapa,GEYC1,38.792896,-122.991328,68.380727,253.859772,832.873293,1152.096005,45.358135,15.358498,59.645297,1150.507478,45.295594,15.357744,59.64394,-0.137881478,-0.002275117
GRCC1HOF,RussianNapa,GRCC1,38.897633,-123.463733,82.957084,357.677133,1173.481445,1497.110791,58.941402,14.099796,57.379633,1494.40279,58.834787,14.103127,57.385628,-0.180881804,0.010447958
GRDN2LLF,EastSierra,GRDN2,38.770511,-119.67549,48.813815,1851.157192,6073.350563,568.148806,22.368075,8.589171,47.460508,569.964892,22.439575,8.573511,47.432319,0.319649708,-0.059394644
GRDN2LUF,EastSierra,GRDN2,38.719991,-119.637173,30.303768,2338.431995,7672.021225,653.600544,25.732319,6.085937,42.954687,653.701428,25.736291,6.058739,42.905731,0.015435116,-0.113971265
GSJC1LOF,CentralCoast,GSJC1,37.264945,-121.884842,47.04955,85.271097,279.760826,481.265079,18.947454,15.520802,59.937444,479.965366,18.896284,15.52774,59.949932,-0.270061772,0.020835056
GSRC1HOF,RussianNapa,GSRC1,38.65675,-123.24978,161.372526,311.265354,1021.211825,1474.995107,58.070705,14.290915,57.723646,1474.626667,58.056199,14.280288,57.704519,-0.024979066,-0.033135468
GUAC1HOF,CentralCoast,GUAC1,37.175224,-121.883294,5.958447,512.611953,1681.797799,1004.502609,39.547368,14.72,58.496,1002.145833,39.454582,14.728333,58.511,-0.234621193,0.025642779
GUDC1LOF,CentralCoast,GUDC1,37.214723,-121.876562,39.608822,184.671799,605.878625,592.576893,23.329812,15.249006,59.448211,592.974502,23.345465,15.254834,59.458702,0.067098296,0.017647293
GUEC1LOF,RussianNapa,GUEC1,38.563719,-122.927746,179.595523,147.370604,483.499371,1230.145339,48.430945,14.905076,58.829137,1231.902317,48.500117,14.905079,58.829142,0.142826863,8.49919E-06
GYRC1HLF,FeatherYuba,GYRC1,39.569578,-120.804009,74.245997,1262.28183,4141.344719,1690.384226,66.550596,11.345017,52.421031,1690.335395,66.548674,11.342544,52.416578,-0.002888752,-0.008494682
GYRC1HUF,FeatherYuba,GYRC1,39.603825,-120.656243,175.813548,1928.470673,6327.003722,1833.225066,72.174254,8.252656,46.854782,1833.147154,72.171187,8.211525,46.780745,-0.004249996,-0.158013754
HANC1LOF,SouthernCalifornia,HANC1,34.299149,-118.289871,70.496298,781.594199,2564.285512,629.56165,24.785905,16.827123,62.288821,630.687762,24.83024,16.814093,62.265367,0.178872395,-0.037653626
HAPC1HLF,Klamath,HAPC1,41.901156,-123.476453,103.992755,1050.251583,3445.707405,1696.830576,66.804389,10.806253,51.451255,1700.622962,66.953696,10.808115,51.454606,0.223498212,0.006512961
HAPC1HUF,Klamath,HAPC1,41.924386,-123.520876,15.490419,1637.084021,5371.010739,2234.26118,87.963086,8.277353,46.899235,2168.649699,85.379956,8.217794,46.792029,-2.936607483,-0.22858795
HAWC1HOF,SouthernCalifornia,HAWC1,33.28053,-116.667515,205.489902,1186.877527,3893.955266,514.020746,20.237048,14.143321,57.457978,513.968615,20.234996,14.136048,57.444887,-0.010141809,-0.022783607
HCHC1HOF,CachePutah,HCHC1,39.101982,-122.437668,95.601681,560.877787,1840.150279,757.290751,29.814613,15.006658,59.011984,756.685147,29.79077,15.0169,59.030421,-0.079969813,0.031242807
HCTC1HOF,FeatherYuba,HCTC1,39.427492,-121.335861,30.750865,500.841429,1643.180595,1157.777004,45.581796,15.364331,59.655795,1151.268522,45.325557,15.379262,59.682672,-0.562153332,0.04505346
HEAC1LOF,RussianNapa,HEAC1,38.649673,-122.781641,91.575824,192.8581,632.736569,1045.267858,41.1523,15.165203,59.297366,1044.751539,41.131973,15.169145,59.304461,-0.049395855,0.011965118
HETC1HLF,SanJoaquin,HETC1,37.938761,-119.688843,13.458363,1318.566047,4326.00423,1092.384754,43.007297,11.383968,52.491143,1082.496591,42.617999,11.81,53.258,-0.905190498,1.460926465
HETC1HMF,SanJoaquin,HETC1,37.968811,-119.633437,91.96131,2097.002651,6879.930177,1252.152269,49.29736,7.48795,45.47831,1252.345341,49.304961,7.549486,45.589074,0.015419211,0.243553465
HETC1HUF,SanJoaquin,HETC1,37.97398,-119.436004,349.921606,2929.754704,9612.056425,1285.000773,50.590609,2.556232,36.601218,1284.868714,50.58541,2.52166,36.538989,-0.010276959,-0.170018932
HIDC1HOF,SanJoaquin,HIDC1,37.295654,-119.707776,245.116515,826.658892,2712.135558,761.092182,29.964275,15.014665,59.026398,760.486185,29.940417,15.01298,59.023363,-0.079622024,-0.005141767
HKCC1HOF,UpperSacramento,HKCC1,39.993033,-121.649147,73.350424,935.80984,3070.242355,1512.59231,59.55091,13.506759,56.312166,1511.759441,59.51812,13.498432,56.297178,-0.055062358,-0.026615918
HLEC1LLF,FeatherYuba,HLEC1,39.359283,-121.108187,155.637298,682.200349,2238.190193,1253.527163,49.35149,14.707795,58.474032,1249.419202,49.189759,14.739255,58.530659,-0.327712165,0.096841278
HLEC1LUF,FeatherYuba,HLEC1,39.501448,-120.846879,3.466232,1639.667193,5379.485713,1711.5,67.381926,10.756667,51.362,1694.649236,66.71851,10.772308,51.390154,-0.984561145,0.054814844
HLLC1LLF,American,HLLC1,39.077281,-120.374481,4.876354,1440.013789,4724.454839,1604.344998,63.163223,9.615555,49.308,1598.6435,62.938754,9.5675,49.2215,-0.355378551,-0.175427922
HLLC1LUF,American,HLLC1,39.082229,-120.290922,76.935411,2084.605871,6839.258326,1524.908527,60.035801,7.025192,44.645346,1525.822964,60.071803,7.014545,44.626182,0.059966679,-0.042924967
HNEC1HOF,RussianNapa,HNEC1,38.522902,-122.362598,52.118137,353.671957,1160.341102,959.44986,37.773637,15.175775,59.316394,959.034628,37.757289,15.177363,59.319254,-0.043278134,0.004821601
HOOC1LLF,Klamath,HOOC1,40.905003,-123.504179,596.98133,896.472501,2941.182839,1569.483522,61.790723,12.118801,53.813842,1568.955947,61.769953,12.121898,53.819417,-0.033614561,0.010359788
HOOC1LUF,Klamath,HOOC1,41.035522,-123.359959,49.314802,1690.073662,5544.861275,1832.161945,72.132399,8.916915,48.050448,1836.657223,72.309379,8.883299,47.989938,0.245353748,-0.125930147
HOPC1LOF,RussianNapa,HOPC1,39.120257,-123.196681,157.206618,462.839642,1518.50281,1165.01036,45.866574,14.505636,58.110144,1164.144615,45.83249,14.50398,58.107165,-0.074312215,-0.005126472
HOSC1LOF,CentralCoast,HOSC1,36.720975,-121.347633,150.042521,412.381679,1352.958307,420.710746,16.563424,14.502421,58.104358,422.226162,16.623086,14.499718,58.099493,0.360203778,-0.008372866
HOUC1HOF,CachePutah,HOUC1,39.19994,-122.72964,59.92264,910.536187,2987.323544,1157.732494,45.580044,13.871102,56.967984,1154.749571,45.462606,13.898615,57.017506,-0.257652179,0.086929529
HOYN2LLF,EastSierra,HOYN2,38.611518,-119.483846,260.124129,1901.524348,6238.597141,385.39563,15.173064,8.41166,47.140989,386.060807,15.199253,8.401135,47.122044,0.172595885,-0.040187956
HOYN2LUF,EastSierra,HOYN2,38.471156,-119.45079,55.887824,2672.125414,8766.815943,676.014077,26.614742,4.444956,40.000921,673.212128,26.504429,4.417083,39.95075,-0.414480866,-0.125424612
HPIC1HMF,SanJoaquin,HPIC1,37.698001,-119.507425,47.732188,2206.144901,7238.008438,1109.250568,43.671306,7.11799,44.812381,1107.260385,43.592952,7.116099,44.808978,-0.179416902,-0.007593883
HPIC1HUF,SanJoaquin,HPIC1,37.713042,-119.393992,132.842695,2938.197105,9639.754591,1262.675137,49.711646,3.064749,37.516547,1261.429721,49.662614,3.055523,37.499941,-0.098633129,-0.044263135
HRCN2LLF,Humboldt,HRCN2,40.734578,-115.846881,437.686372,1760.225228,5775.017337,303.03791,11.930633,7.440417,45.39275,303.029565,11.930304,7.44667,45.404007,-0.002753781,0.024799114
HRCN2LUF,Humboldt,HRCN2,40.584984,-115.934923,15.849494,2250.718453,7384.247129,460.938065,18.147178,6.50371,43.706677,456.312812,17.965081,6.480156,43.664281,-1.003443489,-0.097001197
HREN2LLF,Humboldt,HREN2,41.094165,-115.265775,1306.774339,1774.18664,5820.822497,319.242098,12.568593,6.828588,44.291459,319.084286,12.56238,6.832306,44.298151,-0.04943333,0.015109008
HREN2LUF,Humboldt,HREN2,40.978223,-115.205251,185.32421,2477.288065,8127.585776,708.795659,27.905356,4.48223,40.068013,706.954833,27.832882,4.476338,40.057409,-0.259711805,-0.026465001
HSAC1HOF,SouthernCalifornia,HSAC1,35.166698,-120.329508,107.305966,447.33148,1467.623013,549.952672,21.651692,15.203595,59.36647,550.381119,21.66856,15.197481,59.355466,0.077906158,-0.018535716
HYMC1LLF,Klamath,HYMC1,40.553827,-123.208546,403.102237,1040.183417,3412.675363,1233.490494,48.562644,11.34341,52.418137,1234.327437,48.595595,11.340379,52.412682,0.067851597,-0.010406703
HYMC1LUF,Klamath,HYMC1,40.508982,-123.207858,19.630485,1619.138153,5312.133217,1839.474878,72.42031,9.840795,49.713432,1886.29689,74.263697,9.762162,49.571892,2.545401003,-0.284711786
ICHC1HOF,American,ICHC1,38.831992,-120.247653,27.296882,2145.700015,7039.698438,1280.243696,50.403322,7.378018,45.280432,1275.059135,50.199206,7.463942,45.435096,-0.404966728,0.341569179
IIFC1LLF,FeatherYuba,IIFC1,40.119622,-120.84847,158.470226,1287.469103,4223.980133,915.526593,36.044374,10.233768,50.420782,916.834713,36.095874,10.26121,50.470178,0.142881704,0.09796754
IIFC1LUF,FeatherYuba,IIFC1,40.072293,-120.561055,516.390054,1825.022577,5987.607071,720.011556,28.346927,7.840876,46.113577,718.031896,28.268988,7.823817,46.082871,-0.274948365,-0.066587764
ILAC1HOF,EastSierra,ILAC1,39.432302,-120.328648,8.293783,2302.480011,7554.06852,1242.353228,48.911571,5.385161,41.69329,1272.91442,50.114768,5.375588,41.676059,2.459943864,-0.041327993
INVC1LOF,CachePutah,INVC1,39.151686,-122.556912,60.496276,691.388269,2268.33429,910.61914,35.851167,14.585918,58.254653,909.504997,35.807303,14.57322,58.231797,-0.122350053,-0.039234634
IRGC1LLF,Klamath,IRGC1,42.053347,-122.292826,442.64682,1199.485247,3935.319177,578.614498,22.780111,9.041505,48.274709,578.535092,22.776984,9.038134,48.268641,-0.013723472,-0.012569729
IRGC1LUF,Klamath,IRGC1,42.049863,-122.294335,108.900114,1711.447269,5614.984659,919.027045,36.182187,7.421182,45.358127,917.140089,36.107897,7.411067,45.33992,-0.205321052,-0.040140546
ISAC1LLF,Tulare,ISAC1,35.687236,-118.312916,348.91527,1144.67344,3755.49041,346.436477,13.639239,14.94876,58.907768,345.699553,13.610226,14.974938,58.954889,-0.212715476,0.079991148
ISAC1LMF,Tulare,ISAC1,35.723862,-118.272117,330.3453,1911.813218,6272.353278,543.615751,21.402206,10.53558,50.964043,545.268836,21.467289,10.499532,50.899157,0.304090711,-0.127317215
ISAC1LUF,Tulare,ISAC1,35.8746,-118.340602,19.148196,2589.928494,8497.141001,802.762238,31.60483,6.694079,44.049342,801.490607,31.554765,6.625606,43.926091,-0.158406928,-0.279802136
JKRC1HOF,FeatherYuba,JKRC1,39.47696,-120.502801,37.320635,2092.12491,6863.927091,1727.344871,68.00574,6.014408,42.825934,1728.219442,68.040172,6.022168,42.839902,0.050630943,0.032615751
JNSC1LLF,FeatherYuba,JNSC1,39.344245,-120.883654,126.141747,1045.923344,3431.507145,1590.227668,62.607422,12.863431,55.154176,1590.16322,62.604885,12.872126,55.169826,-0.004052753,0.028375005
JNSC1LUF,FeatherYuba,JNSC1,39.397982,-120.678883,43.46907,1768.328306,5801.602239,1857.549716,73.131918,9.329548,48.793186,1863.000303,73.346508,9.242424,48.636364,0.293428862,-0.321401435
KCVC1HOF,CachePutah,KCVC1,38.863263,-122.787483,36.698304,806.179654,2644.946455,1246.831824,49.087894,14.4125,57.9425,1246.08178,49.058364,14.422397,57.960315,-0.060155988,0.030745998
KCYC1HOF,CentralCoast,KCYC1,36.261015,-120.84793,233.029487,628.071254,2060.601292,462.492612,18.20838,15.075435,59.135783,463.240114,18.23781,15.076879,59.138381,0.161624636,0.004393279
KELO3LLF,Klamath,KELO3,42.067509,-121.152492,232.568635,1391.88536,4566.553165,375.443016,14.781229,7.775506,45.995911,375.20376,14.77181,7.776271,45.997288,-0.063726315,0.002993744
KELO3LUF,Klamath,KELO3,42.081377,-121.068942,54.173994,1610.819127,5284.839823,475.823333,18.733212,7.344521,45.220137,476.94881,18.777522,7.353286,45.235914,0.236532537,0.034889324
KEOO3LLF,Klamath,KEOO3,42.157584,-121.847652,63.780216,1286.500567,4220.802519,416.977599,16.41645,7.829685,46.093433,413.919503,16.296052,7.84271,46.116878,-0.733395753,0.050864079
KEOO3LUF,Klamath,KEOO3,42.149062,-121.934342,0.648652,1565.684612,5136.760703,623.016663,24.528228,7.263333,45.074,651.545013,25.651392,7.21,44.978,4.579066933,-0.212983094
KESC1LOF,UpperSacramento,KESC1,40.665911,-122.480052,46.433003,498.809358,1636.513693,1621.289943,63.830347,15.534497,59.962095,1625.523183,63.99701,15.532692,59.958846,0.261103205,-0.005418423
KKVC1HLF,Tulare,KKVC1,36.007826,-118.485934,29.689712,1418.899034,4655.180708,629.238998,24.773202,11.478385,52.661092,620.922454,24.445779,11.50307,52.705526,-1.321682862,0.084377286
KKVC1HMF,Tulare,KKVC1,36.144359,-118.454649,307.594308,2026.116997,6647.36569,861.840938,33.930764,8.438089,47.18856,862.526879,33.957769,8.453794,47.21683,0.079590209,0.059908588
KKVC1HUF,Tulare,KKVC1,36.401812,-118.40471,509.039557,3065.674934,10057.98895,789.067487,31.065666,3.055943,37.500697,788.187216,31.031009,3.023033,37.441459,-0.111558392,-0.157965064
KLAO3LLF,Klamath,KLAO3,42.463733,-121.972597,510.620105,1318.654288,4326.293733,594.799327,23.417309,7.216182,44.989128,591.812375,23.299712,7.220713,44.997283,-0.502178107,0.018126602
KLAO3LUF,Klamath,KLAO3,42.567549,-122.121719,266.854507,1797.012482,5895.710432,1341.013224,52.795825,5.725112,42.305201,1336.931984,52.635146,5.738368,42.329063,-0.304340026,0.056404412
KLMC1LLF,Klamath,KLMC1,41.293534,-123.736664,755.754786,705.874251,2315.860478,2296.969081,90.431902,12.494622,54.490319,2295.76139,90.384355,12.496672,54.49401,-0.052577591,0.00677368
KLMC1LUF,Klamath,KLMC1,41.181547,-123.479105,15.091274,1663.933262,5459.098803,2547.543095,100.297026,9.249655,48.649379,2422.345772,95.367995,9.1,48.38,-4.91443396,-0.553715187
KNBC1HOF,SouthernCalifornia,KNBC1,34.323084,-117.508073,56.043296,1274.041922,4179.9277,633.668801,24.947604,14.476933,58.05848,635.284328,25.011208,14.397308,57.915154,0.254948168,-0.246864885
KNFC1LOF,SanJoaquin,KNFC1,37.926014,-120.566855,76.6548,324.536191,1064.751317,632.107436,24.886133,16.261364,61.270455,630.745017,24.832494,16.260101,61.268182,-0.215535987,-0.003709781
KTRC1HLF,Tulare,KTRC1,36.523739,-118.858623,146.814651,996.859241,3270.535673,762.019144,30.00077,14.912269,58.842084,764.638802,30.103906,14.889785,58.801614,0.343778502,-0.068777306
KTRC1HMF,Tulare,KTRC1,36.561918,-118.762939,155.59473,1993.184855,6539.3206,1072.368477,42.219254,8.798347,47.837024,1074.89323,42.318654,8.725677,47.706219,0.235437077,-0.273438833
KTRC1HUF,Tulare,KTRC1,36.524911,-118.64358,116.780227,2885.571692,9467.09903,1143.740231,45.029167,4.53272,40.158895,1144.632774,45.064307,4.493295,40.087932,0.078037213,-0.176705559
LAMC1HOF,RussianNapa,LAMC1,39.277835,-123.102038,104.827419,484.201729,1588.588399,1117.802474,44.007995,13.938832,57.089897,1118.211297,44.024091,13.928529,57.071353,0.036573814,-0.032482104
LBDC1HOF,SanJoaquin,LBDC1,36.901601,-121.075435,156.974515,463.012769,1519.070812,334.999625,13.188969,15.795453,60.431816,333.45452,13.128138,15.805228,60.44941,-0.461225889,0.029113803
LBEC1LOF,CachePutah,LBEC1,38.668687,-122.341898,454.176911,366.118631,1201.17665,885.046015,34.84435,15.439064,59.790315,884.815618,34.835279,15.439915,59.791846,-0.026032206,0.002560615
LCLN2HOF,Humboldt,LCLN2,40.639622,-115.414826,25.010786,2730.171638,8957.256316,774.590605,30.49571,3.433838,38.180909,780.085049,30.712026,3.395253,38.111455,0.709335224,-0.181907665
LEGC1HOF,NorthCoast,LEGC1,39.757712,-123.61504,247.858358,625.190391,2051.149644,1936.916119,76.256581,12.84684,55.124312,1936.297942,76.232244,12.850597,55.131074,-0.031915528,0.01226682
LEWC1LLF,Klamath,LEWC1,40.76325,-122.772879,25.351468,876.017926,2874.074653,957.861458,37.711101,11.643107,52.957592,953.428101,37.53656,11.6822,53.02796,-0.462839063,0.132876132
LEXC1HOF,CentralCoast,LEXC1,37.163453,-121.954354,37.541364,546.560709,1793.178236,1129.245332,44.458502,14.536711,58.166079,1128.688044,44.436561,14.545035,58.181063,-0.049350481,0.025760719
LGAC1LOF,SanJoaquin,LGAC1,36.135396,-120.385445,227.955611,409.768875,1344.386117,339.55223,13.368205,16.910248,62.438446,337.584684,13.290743,16.915806,62.448451,-0.579453123,0.016023781
LGCC1HOF,SanJoaquin,LGCC1,36.26288,-120.565459,95.601415,803.394152,2635.807669,557.263963,21.939538,15.085544,59.153979,557.235055,21.9384,15.083911,59.151039,-0.005187488,-0.00497008
LHPN2HLF,Humboldt,LHPN2,41.47472,-117.096303,960.083558,1683.997811,5524.927377,340.865761,13.419919,8.100103,46.580185,340.81503,13.417922,8.101657,46.582982,-0.014882985,0.006004699
LHPN2HUF,Humboldt,LHPN2,41.471932,-117.131008,35.790705,2244.884348,7365.106363,556.687516,21.916843,5.561172,42.01011,566.497555,22.303065,5.421037,41.757867,1.762216453,-0.600434038
LKMC1HOF,SouthernCalifornia,LKMC1,33.827612,-117.361352,39.286546,527.036443,1729.122244,262.331,10.327998,17.938812,64.289862,261.264483,10.286009,17.943241,64.297834,-0.406553934,0.012400089
LKPC1LOF,SouthernCalifornia,LKPC1,34.558684,-118.778587,127.342114,845.186611,2772.922042,574.454549,22.616333,15.958925,60.726065,573.58703,22.582179,15.967073,60.740731,-0.151016125,0.024151079
LLYC1HOF,SouthernCalifornia,LLYC1,34.579351,-119.619038,277.067794,933.778644,3063.578327,845.223343,33.276528,15.317158,59.570885,845.663975,33.293875,15.3164,59.569521,0.05213202,-0.002289709
LNLC1HOF,American,LNLC1,39.00567,-120.304473,7.960345,2016.862646,6617.003644,1374.213334,54.102916,7.453333,45.416,1373.278183,54.066099,7.415455,45.347818,-0.068049915,-0.150127708
LNRC1HLF,SanJoaquin,LNRC1,37.985557,-119.857601,3.118393,1444.411829,4738.884104,1261.938572,49.682648,11.235,52.223,1265.878326,49.837756,11.241667,52.235,0.312198556,0.022978381
LNRC1HMF,SanJoaquin,LNRC1,38.039008,-119.799008,55.067743,2086.760988,6846.328919,1305.733994,51.406878,7.609238,45.696628,1307.727038,51.485344,7.591157,45.664083,0.152637827,-0.071219697
LNRC1HUF,SanJoaquin,LNRC1,38.098961,-119.692504,19.867157,2699.866113,8857.828737,1560.776174,61.447914,3.534815,38.362667,1563.317701,61.547974,3.463108,38.233595,0.162837378,-0.336452103
LRRC1LOF,CentralCoast,LRRC1,37.022577,-122.05931,7.990577,172.110024,564.665451,1215.941756,47.871749,14.442647,57.996765,1214.80733,47.827086,14.448,58.0064,-0.093296081,0.016612996
LRZC1HOF,CentralCoast,LRZC1,37.718495,-122.020567,37.812683,258.003892,846.469489,690.12168,27.17016,14.598389,58.277101,690.127835,27.170402,14.588392,58.259105,0.000891872,-0.030880054
LSEC1LOF,RussianNapa,LSEC1,38.384915,-122.776938,40.069435,49.776338,163.308201,962.054908,37.876198,14.497975,58.096356,955.052962,37.600531,14.491776,58.085197,-0.727811473,-0.019207745
LTDC1HOF,SanJoaquin,LTDC1,36.982104,-119.582689,70.558653,303.455628,995.589361,482.018716,18.977125,17.130972,62.83575,481.155227,18.943129,17.140152,62.852273,-0.179140139,0.02629554
LVKC1HOF,CentralCoast,LVKC1,37.446266,-121.567596,147.545774,712.604357,2337.940877,549.689482,21.64133,15.017133,59.03084,550.009592,21.653933,15.007894,59.014209,0.058234696,-0.028173409
LWDC1HOF,CentralCoast,LWDC1,36.031523,-121.257911,216.565666,531.59647,1744.082963,621.497987,24.468438,15.115256,59.207461,620.522144,24.430019,15.118278,59.2129,-0.157014668,0.009186342
LWON2HLF,EastSierra,LWON2,39.272536,-119.796034,47.405359,1607.067057,5272.529884,355.092449,13.980025,9.440781,48.993406,354.351088,13.950838,9.442283,48.996109,-0.208779714,0.005517069
LWON2HUF,EastSierra,LWON2,39.260536,-119.841498,33.761733,2194.357997,7199.337491,775.493678,30.531264,7.040956,44.673721,775.887274,30.54676,6.999015,44.598227,0.05075425,-0.168989729
MARN2HLF,Humboldt,MARN2,41.638142,-117.387359,148.346241,1820.937874,5974.205816,459.967997,18.108986,7.794411,46.029939,460.475127,18.128952,7.797116,46.034809,0.110253323,0.010580071
MARN2HUF,Humboldt,MARN2,41.684334,-117.513957,27.047421,2288.490204,7508.170201,578.516525,22.776253,4.800763,40.641373,572.205222,22.527777,4.795044,40.63108,-1.090946019,-0.025326408
MASN2LOF,EastSierra,MASN2,38.780691,-119.119534,166.360599,1641.052974,5384.032239,219.930685,8.658693,9.981027,49.965848,218.883975,8.617484,10.001227,50.002208,-0.475927222,0.072769705
MAUC1HOF,NorthCoast,MAUC1,40.192907,-123.24387,93.618152,1127.993193,3700.765186,1800.549159,70.8878,10.943061,51.697509,1799.410652,70.842977,10.935,51.683,-0.063231098,-0.028065182
MBON2HLF,Humboldt,MBON2,41.590172,-115.368674,27.857271,2011.735916,6600.183664,401.231261,15.796515,5.706396,42.271513,400.190364,15.755535,5.711364,42.280455,-0.259425698,0.021153726
MBON2HUF,Humboldt,MBON2,41.694999,-115.383752,43.31294,2417.769661,7932.315415,703.599942,27.7008,4.08875,39.35975,709.367087,27.927853,4.015385,39.227692,0.819662518,-0.335515342
MBRC1LOF,SouthernCalifornia,MBRC1,34.695911,-117.311459,834.292468,928.359154,3045.797847,185.352159,7.297333,16.692521,62.046537,185.287405,7.294784,16.692615,62.046707,-0.03493566,0.000273988
MCNC1LOF,N_SanJoaquin,MCNC1,38.532763,-121.112549,189.150637,127.478216,418.23563,613.998686,24.17319,16.341912,61.415441,612.621005,24.11895,16.345625,61.422125,-0.224378493,0.010883257
MDCN2HLF,Humboldt,MDCN2,42.003202,-118.050594,211.845567,1759.236424,5771.77323,432.900222,17.043325,8.404187,47.127537,433.404274,17.06317,8.395587,47.112056,0.116436069,-0.03284916
MDCN2HUF,Humboldt,MDCN2,42.048694,-118.134863,13.345621,2283.819417,7492.846097,656.134341,25.832075,5.115849,41.208528,660.097144,25.988091,4.939388,40.890898,0.603962139,-0.770787057
MDSC1LOF,SanJoaquin,MDSC1,37.64381,-120.626288,100.334145,85.391823,280.15691,366.999115,14.448792,16.678256,62.02086,366.810753,14.441376,16.67826,62.020868,-0.051324919,1.28989E-05
MEEC1LOF,SanJoaquin,MEEC1,37.376597,-120.346765,61.957214,100.24636,328.892269,345.041085,13.584302,16.800361,62.240651,344.74817,13.57277,16.797234,62.235021,-0.084892789,-0.009045535
MFAC1LOF,American,MFAC1,39.023588,-120.658178,29.001814,1023.453457,3357.787038,1364.59,53.724045,13.479735,56.263522,1363.33625,53.674685,13.461696,56.231054,-0.091877414,-0.057707017
MFPC1LLF,American,MFPC1,39.054547,-120.539903,12.266205,1334.736964,4379.05842,1585.883125,62.436377,11.454375,52.617875,1588.968124,62.557834,11.475833,52.6565,0.194528774,0.073406613
MFPC1LUF,American,MFPC1,39.113796,-120.494372,27.950167,1777.82572,5832.761736,1686.561043,66.400077,9.245217,48.641391,1690.280188,66.5465,9.164953,48.496916,0.220516477,-0.2970207
MFTC1HLF,FeatherYuba,MFTC1,39.734189,-120.31639,160.657163,1497.303272,4912.412465,512.613257,20.181635,8.629349,47.532828,511.481576,20.137081,8.636785,47.546212,-0.220767018,0.028157382
MFTC1HUF,FeatherYuba,MFTC1,39.681683,-120.288349,300.16049,1824.527135,5985.981607,690.165337,27.171878,7.405255,45.32946,691.062995,27.207219,7.397961,45.31633,0.130064196,-0.02896571
MHBC1LOF,N_SanJoaquin,MHBC1,38.551998,-120.795495,223.29311,523.24513,1716.683553,853.11105,33.587067,15.328863,59.591954,853.849572,33.616143,15.325186,59.585334,0.086568097,-0.011108882
MHSN2LLF,Humboldt,MHSN2,41.470607,-115.2571,269.944289,1891.608315,6206.064223,308.021123,12.126822,6.139982,43.051967,308.121228,12.130764,6.13928,43.050704,0.032499395,-0.002933664
MHSN2LUF,Humboldt,MHSN2,41.546224,-115.222675,48.9259,2293.211425,7523.65977,563.41598,22.181743,4.94593,40.902673,562.335153,22.139191,4.939021,40.890237,-0.191834637,-0.030403881
MLMC1HLF,UpperSacramento,MLMC1,40.182175,-121.741048,87.977749,882.960749,2896.852944,1208.970721,47.597298,13.670833,56.6075,1208.03157,47.560324,13.682733,56.628919,-0.077681865,0.037837742
MLMC1HUF,UpperSacramento,MLMC1,40.355155,-121.533455,43.285768,1865.733804,6121.174093,1940.944394,76.415175,7.694798,45.850636,1966.892355,77.436749,7.616765,45.710176,1.336872972,-0.306342534
MLPC1HLF,Tulare,MLPC1,36.75679,-119.169468,121.829285,746.918209,2450.519135,681.919089,26.847223,15.701417,60.262551,680.56976,26.7941,15.723115,60.301608,-0.197872302,0.064811395
MLPC1HUF,Tulare,MLPC1,36.734974,-119.013731,4.649095,1685.542529,5529.995352,964.397901,37.968442,10.644737,51.160526,946.048239,37.246014,10.903529,51.626353,-1.902706547,0.910520349
MMCC1HLF,UpperSacramento,MMCC1,41.298568,-121.935736,230.245381,1265.603431,4152.242359,1393.03644,54.843984,9.46224,49.032032,1390.197595,54.732218,9.470293,49.046527,-0.20378828,0.029562307
MMCC1HUF,UpperSacramento,MMCC1,41.388527,-121.984673,109.983806,1847.168178,6060.263245,1391.484201,54.782872,6.897427,44.415368,1398.998468,55.07871,6.914086,44.445354,0.540018133,0.067512668
MOSC1LOF,SanJoaquin,MOSC1,37.689508,-121.290941,103.189557,110.254181,361.726328,313.734476,12.351758,16.292071,61.325728,313.556234,12.34474,16.29626,61.333267,-0.05681301,0.012293372
MPAC1HOF,SanJoaquin,MPAC1,37.420275,-120.024773,108.772864,527.353292,1730.161773,638.095362,25.121878,15.787376,60.417276,638.62131,25.142585,15.780655,60.40518,0.082424671,-0.020020764
MPTC1HOF,CentralCoast,MPTC1,37.46058,-121.683653,33.621235,814.814243,2673.27516,611.573548,24.077712,14.095942,57.372696,611.679284,24.081875,14.085317,57.353571,0.017289172,-0.033334672
MRMC1LLF,FeatherYuba,MRMC1,39.796709,-120.904851,184.75495,1317.962616,4324.024468,1473.074754,57.9951,10.692671,51.246808,1465.275113,57.688028,10.68617,51.235106,-0.529480325,-0.022834593
MRMC1LUF,FeatherYuba,MRMC1,39.796869,-120.778459,290.868131,1776.27298,5827.667444,1466.054756,57.718722,8.731838,47.717309,1471.698231,57.940907,8.73965,47.73137,0.384942989,0.029467295
MRNC1LOF,NorthCoast,MRNC1,40.022254,-123.780094,289.05179,439.604796,1442.273,1791.02959,70.513014,13.079674,55.543414,1792.945389,70.588439,13.077856,55.540141,0.106966351,-0.005892688
MRWC1LOF,N_SanJoaquin,MRWC1,38.194785,-121.123467,31.463079,36.835302,120.850732,479.578224,18.881043,16.327984,61.390371,479.75951,18.88818,16.32813,61.390634,0.037801133,0.000428406
MRYC1LOF,FeatherYuba,MRYC1,39.244286,-121.350608,68.58405,187.807053,616.164891,784.41876,30.882645,16.348394,61.427109,783.910495,30.862635,16.346882,61.424388,-0.06479511,-0.00442964
MSGC1LOF,N_SanJoaquin,MSGC1,38.123015,-120.881127,106.101852,152.264243,499.55462,525.678399,20.696011,16.314894,61.366809,526.501108,20.728401,16.311404,61.360527,0.156504243,-0.010236804
MSSC1LLF,UpperSacramento,MSSC1,41.123638,-122.140124,216.859644,1021.563782,3351.587318,1700.464139,66.947443,11.898016,53.416429,1702.19037,67.015405,11.92566,53.466188,0.101515284,0.093152989
MSSC1LUF,UpperSacramento,MSSC1,41.273472,-122.120662,27.732376,1852.434124,6077.539971,1732.475569,68.207736,6.996903,44.594425,1735.382125,68.322168,6.925841,44.466513,0.167768946,-0.286834061
MSYC1HLF,SouthernCalifornia,MSYC1,34.065604,-116.669219,19.838867,1343.153641,4406.672192,360.80247,14.204829,14.843333,58.718,359.279863,14.144884,14.941233,58.894219,-0.422005703,0.300110699
MSYC1HUF,SouthernCalifornia,MSYC1,34.12106,-116.71705,16.068801,2225.97057,7303.053285,571.981407,22.518965,9.520469,49.136844,563.427871,22.182212,9.558525,49.205344,-1.495422036,0.139406593
MTOC1LOF,NorthCoast,MTOC1,40.238776,-124.111442,174.444778,398.728587,1308.164698,2528.558378,99.549596,12.910509,55.238917,2524.92146,99.40641,12.907977,55.234358,-0.143833658,-0.008253239
MTSC1HLF,EastSierra,MTSC1,39.306468,-120.132757,6.970843,1795.697231,5891.395302,634.787776,24.991658,6.514074,43.725333,633.528924,24.942097,6.518214,43.732786,-0.198310687,0.017045039
MTSC1HUF,EastSierra,MTSC1,39.281304,-120.117312,32.91629,2083.847892,6836.771519,935.711692,36.839063,6.207794,43.174029,939.899056,37.00392,6.197874,43.156173,0.44750579,-0.041358197
MUPC1HOF,CachePutah,MUPC1,39.251506,-122.930754,49.710536,827.06758,2713.4764,1131.921872,44.563877,13.730246,56.714443,1128.166959,44.416046,13.749845,56.749722,-0.331728991,0.062204613
MUTC1HOF,SouthernCalifornia,MUTC1,33.580893,-117.102166,204.76239,517.527705,1697.925596,370.151959,14.57292,17.993654,64.388577,370.975321,14.605335,17.987064,64.376716,0.222438915,-0.018420969
MVDC1LOF,SouthernCalifornia,MVDC1,34.326111,-117.240285,4.18969,1203.838629,3949.601929,347.805556,13.69314,14.815556,58.668,352.694,13.885598,14.764,58.5752,1.405510612,-0.158178223
MVVC1LOF,SouthernCalifornia,MVVC1,34.467259,-117.289732,187.424517,988.402531,3242.79056,233.023909,9.174175,16.088876,60.959976,233.628728,9.197986,16.083801,60.950841,0.259552336,-0.014985242
MWEC1LOF,RussianNapa,MWEC1,38.506901,-122.740574,114.438976,152.689276,500.949083,938.970579,36.967366,14.752446,58.554403,938.620498,36.953583,14.750884,58.551592,-0.03728349,-0.004800664
MWXC1LOF,SouthernCalifornia,MWXC1,34.027395,-117.350795,134.073407,374.626571,1229.089839,301.345614,11.864007,18.419982,65.155967,300.965236,11.849031,18.418316,65.152969,-0.126226493,-0.004601267
NACC1LOF,CentralCoast,NACC1,35.708788,-120.979914,162.989358,422.449286,1385.988515,548.321926,21.587489,15.09052,59.162936,548.877376,21.609357,15.084934,59.152881,0.10129998,-0.016995438
NBBC1LLF,FeatherYuba,NBBC1,39.535994,-121.048509,176.4108,1069.122621,3507.620259,1714.723293,67.508828,12.704543,54.868177,1715.65545,67.545527,12.692818,54.847072,0.054361949,-0.038464919
NBBC1LUF,FeatherYuba,NBBC1,39.689562,-120.88906,62.520316,1733.940832,5688.782438,1893.035871,74.529012,9.399567,48.919221,1894.462516,74.585179,9.374979,48.874963,0.075362809,-0.090471596
NBYC1HOF,CentralCoast,NBYC1,35.905137,-121.265998,162.156073,546.224448,1792.075018,665.293622,26.192676,14.807032,58.652658,667.187318,26.267231,14.802072,58.64373,0.284640636,-0.015221817
NCOC1LOF,FeatherYuba,NCOC1,39.068237,-121.464488,237.22189,32.355976,106.154782,575.000009,22.637808,16.700726,62.061307,574.725222,22.626989,16.70025,62.06045,-0.047789043,-0.001380893
NDPC1LLF,SanJoaquin,NDPC1,37.890445,-120.184965,604.951503,870.341428,2855.450972,922.97547,36.337637,13.818162,56.872691,922.946492,36.336496,13.817576,56.871637,-0.003139628,-0.001853262
NDPC1LMF,SanJoaquin,NDPC1,37.990464,-119.905377,257.227088,1872.223074,6142.464351,1214.321393,47.807955,9.262594,48.67267,1214.985706,47.834109,9.257409,48.663337,0.054706522,-0.019175032
NDPC1LUF,SanJoaquin,NDPC1,37.978578,-119.725975,20.951332,2570.157058,8432.274082,1436.508152,56.55547,5.158025,41.284444,1430.578001,56.321999,5.178125,41.320625,-0.41281708,0.087638337
NDVC1HMF,SanJoaquin,NDVC1,38.467213,-119.976609,22.004927,2234.784666,7331.970925,1466.580337,57.739415,6.189888,43.141798,1466.809645,57.748442,6.234,43.2212,0.015635557,0.184048889
NDVC1HUF,SanJoaquin,NDVC1,38.496263,-119.942858,6.363272,2540.368938,8334.544028,1607.622813,63.292271,4.9528,40.91504,1599.447927,62.970425,4.883333,40.79,-0.508507713,-0.305608891
NFDC1HLF,American,NFDC1,39.127409,-120.790833,209.446946,965.592113,3167.953227,1425.782164,56.133186,13.466082,56.238948,1424.089866,56.06656,13.475902,56.256624,-0.118692606,0.031430175
NFDC1HUF,American,NFDC1,39.249777,-120.486389,133.003931,1906.005688,6253.299701,1777.590678,69.983923,8.225704,46.806266,1778.278255,70.010993,8.193515,46.748326,0.038680277,-0.123786845
NFEC1LLF,FeatherYuba,NFEC1,40.023141,-121.055563,67.808709,1195.665504,3922.787212,995.192205,39.180817,11.419522,52.55514,992.648045,39.080653,11.473563,52.652414,-0.255645089,0.185089413
NFEC1LUF,FeatherYuba,NFEC1,40.050515,-121.074752,27.962242,1702.936926,5587.063584,1244.620362,49.000828,9.556161,49.201089,1224.549378,48.210631,9.542321,49.176179,-1.612618965,-0.050628961
NHGC1HOF,N_SanJoaquin,NHGC1,38.200547,-120.585422,361.443773,611.530466,2006.333613,878.124358,34.571844,15.171018,59.307832,877.24859,34.537365,15.180817,59.325471,-0.09973166,0.029741434
NILC1LOF,CentralCoast,NILC1,37.600405,-121.901378,41.447796,254.551162,835.141636,551.13765,21.698344,15.22506,59.405108,549.798889,21.645637,15.229542,59.413176,-0.242908645,0.013581324
NIMC1LOF,American,NIMC1,38.662054,-121.151842,38.068437,105.784432,347.061796,622.803975,24.519855,16.634487,61.942077,622.457163,24.506201,16.631689,61.93704,-0.055685579,-0.008131791
NIXN2LOF,EastSierra,NIXN2,39.695562,-119.344,91.842111,1482.218114,4862.920477,204.080832,8.034683,10.622064,51.119716,200.686261,7.901038,10.639114,51.150404,-1.663346316,0.060031632
NMFC1HLF,American,NMFC1,39.095179,-120.656139,55.072956,1203.672866,3949.058085,1530.763496,60.266312,12.726106,54.906991,1533.82346,60.386783,12.709573,54.877232,0.199897895,-0.054198927
NMFC1HUF,American,NMFC1,39.142764,-120.568914,33.705676,1701.811198,5583.37025,1727.472351,68.010759,10.048015,50.086427,1726.834543,67.985649,10.080379,50.144682,-0.036921459,0.116308955
NMSC1LLF,SanJoaquin,NMSC1,38.119026,-120.328884,330.957581,894.984628,2936.301367,1004.55455,39.549413,13.967226,57.141007,1004.343954,39.541122,13.968094,57.142569,-0.020964118,0.002733589
NMSC1LMF,SanJoaquin,NMSC1,38.300751,-119.967854,257.893578,1976.659883,6485.10481,1342.407212,52.850706,8.318946,46.974103,1341.798291,52.826733,8.333507,47.000313,-0.045360379,0.055796701
NMSC1LUF,SanJoaquin,NMSC1,38.313761,-119.753347,150.326404,2721.773409,8929.703073,1539.417718,60.607029,3.745066,38.741118,1539.457022,60.608577,3.730357,38.714643,0.002553173,-0.068338245
NRWC1LOF,SouthernCalifornia,NRWC1,34.644743,-120.142538,324.715214,342.345695,1123.18145,556.723359,21.918254,15.875838,60.576508,557.109025,21.933438,15.875983,60.57677,0.069274262,0.000432511
NSWC1HMF,SanJoaquin,NSWC1,38.428978,-119.923424,28.867546,2193.484487,7196.471643,1424.429493,56.079932,6.343445,43.418202,1421.086818,55.94833,6.370364,43.466655,-0.234667635,0.111596054
NSWC1HUF,SanJoaquin,NSWC1,38.464353,-119.861853,16.655289,2612.769038,8572.077171,1552.949209,61.139766,4.450469,40.010844,1552.89954,61.13781,4.431667,39.977,-0.003198366,-0.084587068
NVRC1HOF,RussianNapa,NVRC1,39.062844,-123.419281,303.476147,342.192389,1122.678478,1237.264493,48.711227,14.036858,57.266344,1235.559224,48.64409,14.033845,57.260921,-0.137825745,-0.009469786
NWMC1LOF,SanJoaquin,NWMC1,36.87088,-120.333644,5206.710047,132.901276,436.027823,284.075759,11.184091,16.961019,62.529834,283.909517,11.177546,16.9619,62.53142,-0.058520305,0.002536389
OBBC1LOF,SanJoaquin,OBBC1,37.822304,-120.652815,38.512636,157.350193,516.240806,507.927436,19.997154,16.550769,61.791385,509.049657,20.041336,16.543973,61.779151,0.220941205,-0.019798876
ONSC1LLF,Klamath,ONSC1,41.665821,-123.464825,596.469708,896.094891,2939.943963,1882.922999,74.130867,11.872178,53.369921,1876.627018,73.882993,11.873547,53.372384,-0.334372728,0.004614959
ONSC1LUF,Klamath,ONSC1,41.674808,-123.402018,74.765815,1697.33966,5568.69985,2389.730542,94.08393,8.616441,47.509593,2455.027337,96.654672,8.5519,47.39342,2.732391533,-0.244525353
ORDC1LLF,FeatherYuba,ORDC1,39.653593,-121.332587,428.001482,803.473387,2636.067628,1611.442489,63.442652,14.339879,57.811782,1612.082503,63.467849,14.341475,57.814654,0.039716838,0.004967845
ORDC1LUF,FeatherYuba,ORDC1,39.735089,-121.020793,53.631038,1659.366102,5444.114682,1987.068585,78.231089,10.201455,50.36262,1987.072962,78.231261,10.184402,50.331923,0.000220274,-0.060951952
OREC1HOF,SanJoaquin,OREC1,37.287982,-121.320197,134.939803,473.078498,1552.09486,439.935009,17.320285,16.177366,61.119258,441.271402,17.372899,16.163083,61.093549,0.303770551,-0.042063665
ORFC1LOF,UpperSacramento,ORFC1,39.845652,-122.041511,615.540278,180.900398,593.505262,724.446228,28.52152,16.633795,61.940832,725.548404,28.564913,16.631913,61.937443,0.152140484,-0.00547135
ORIC1LOF,NorthCoast,ORIC1,41.138259,-123.930904,209.272853,448.671811,1472.020426,2055.508216,80.925564,12.551998,54.593596,2050.336475,80.721952,12.546113,54.583004,-0.251604005,-0.019401543
OURC1LLF,FeatherYuba,OURC1,39.44069,-120.854525,60.402787,1212.60952,3978.377816,1609.437378,63.363711,12.130615,53.835107,1608.31076,63.319355,12.117342,53.811215,-0.070000735,-0.044379962
OURC1LUF,FeatherYuba,OURC1,39.496111,-120.671005,46.785446,1814.456938,5952.942901,1803.179046,70.991339,8.780053,47.804096,1803.810392,71.016195,8.812056,47.8617,0.03501294,0.120500135
OWCC1HOF,SanJoaquin,OWCC1,37.394668,-120.113366,25.494301,354.800271,1164.04292,489.535785,19.273073,16.320686,61.377235,486.923471,19.170226,16.341429,61.414571,-0.533630856,0.060830371
PALN2LLF,Humboldt,PALN2,40.909855,-116.110118,666.185491,1788.870742,5868.998685,306.763872,12.077324,7.371166,45.2681,306.173589,12.054085,7.375954,45.276717,-0.192422594,0.01903548
PALN2LUF,Humboldt,PALN2,41.062333,-116.182633,48.881499,2244.681283,7364.440141,471.161212,18.549664,6.022121,42.839818,471.344592,18.556884,6.017755,42.831959,0.038920861,-0.018345083
PATC1LOF,SanJoaquin,PATC1,37.430519,-120.953388,302.294505,65.659404,215.418,320.477694,12.617239,16.772331,62.190196,320.356139,12.612453,16.772592,62.190666,-0.037929317,0.000755746
PCGC1HOF,CachePutah,PCGC1,38.768137,-122.624506,113.305624,554.651606,1819.723176,1163.735307,45.816375,14.759298,58.566737,1163.285734,45.798676,14.764718,58.576492,-0.038631895,0.016656212
PCNC1HLF,SouthernCalifornia,PCNC1,33.646792,-116.520042,86.718027,1139.616133,3738.898194,347.019971,13.662211,15.877051,60.578691,346.816357,13.654195,15.886518,60.595732,-0.058675009,0.028130354
PCNC1HUF,SouthernCalifornia,PCNC1,33.630969,-116.545328,6.253592,1995.128215,6545.696454,565.557822,22.266068,10.788261,51.41887,560.972496,22.085543,10.83,51.494,-0.810761662,0.146113674
PFTC1HLF,Tulare,PFTC1,36.906671,-119.157923,331.979555,898.441994,2947.644433,762.719703,30.028351,14.891069,58.803924,762.027374,30.001094,14.91486,58.846748,-0.090771092,0.072825072
PFTC1HMF,Tulare,PFTC1,36.898516,-118.896302,397.73059,2042.203904,6700.144258,1045.370578,41.156344,8.662929,47.593272,1045.544402,41.163188,8.710621,47.679118,0.016627979,0.180374234
PFTC1HUF,Tulare,PFTC1,36.933575,-118.676377,813.758716,3051.768183,10012.36313,1072.159234,42.211016,3.074389,37.5339,1072.192908,42.212342,3.078753,37.541755,0.003140765,0.020927748
PHOC1HOF,CentralCoast,PHOC1,37.075851,-121.323568,145.714491,423.638187,1389.88911,513.30157,20.208734,15.545541,59.981973,513.374719,20.211614,15.544195,59.979552,0.014250687,-0.004036213
PIIC1HOF,CentralCoast,PIIC1,36.448159,-120.933499,249.098209,829.988801,2723.060458,458.45494,18.049417,14.860069,58.748125,457.731041,18.020917,14.860815,58.749468,-0.157899705,0.00228603
PITC1LLF,UpperSacramento,PITC1,40.871748,-121.166122,776.308728,1846.989053,6059.675564,816.13321,32.131246,7.106391,44.791505,813.194847,32.015562,7.107913,44.794243,-0.36003473,0.006112766
PITC1LUF,UpperSacramento,PITC1,41.100893,-121.390536,2743.292951,1291.332647,4236.655803,740.468647,29.152325,9.688362,49.439052,739.930363,29.131132,9.690684,49.443231,-0.072695043,0.008452832
PLBC1HLF,NorthCoast,PLBC1,39.431067,-122.860277,249.357438,1018.309321,3340.909954,1323.026617,52.08769,12.755394,54.95971,1324.68089,52.152819,12.778741,55.001734,0.125037016,0.076463286
PLBC1HUF,NorthCoast,PLBC1,39.509175,-122.83533,39.55605,1691.828152,5550.617473,1541.385171,60.684488,9.731476,49.516658,1528.042928,60.159203,9.714091,49.485364,-0.865600841,-0.063198934
PLGC1LLF,FeatherYuba,PLGC1,40.0097,-121.286512,228.936379,1230.370551,4036.648918,1472.260819,57.963056,11.290119,52.322213,1480.703869,58.295459,11.329235,52.392623,0.573475154,0.134569996
PLGC1LUF,FeatherYuba,PLGC1,40.048599,-121.28251,197.62084,1758.438571,5769.155601,1775.855167,69.915596,8.999049,48.198288,1766.203417,69.535605,9.002127,48.203828,-0.543498714,0.011494184
PLLC1HLF,FeatherYuba,PLLC1,40.266812,-121.176194,113.925233,1415.902844,4645.350685,926.806049,36.488447,8.577927,47.440268,926.176994,36.463681,8.590379,47.462681,-0.067873424,0.047244674
PLLC1HUF,FeatherYuba,PLLC1,40.366195,-121.143404,385.114461,1784.03238,5853.124795,1194.441076,47.025265,7.32834,45.191012,1193.777269,46.99913,7.332507,45.198512,-0.055574696,0.016596221
PLYC1HLF,UpperSacramento,PLYC1,41.20214,-120.364676,50.461824,1569.642463,5149.745779,389.842573,15.348141,7.914709,46.246476,388.8326,15.308378,7.934,46.2812,-0.259072013,0.07508464
PLYC1HUF,UpperSacramento,PLYC1,41.162789,-120.277198,195.689653,2010.726353,6596.871449,597.767058,23.534149,5.946187,42.703136,596.066739,23.467207,5.961394,42.730509,-0.284445082,0.064100679
PNEC1HOF,SanJoaquin,PNEC1,36.549683,-120.805058,302.251232,633.172256,2077.336863,336.462892,13.246578,15.727794,60.310029,335.656446,13.214828,15.738236,60.328825,-0.239683489,0.031165629
POHC1LLF,SanJoaquin,POHC1,37.734469,-119.600464,9.051818,1289.186303,4229.613989,1032.09611,40.633727,11.768889,53.184,1027.817878,40.465293,12.237273,54.027091,-0.41451876,1.585234281
POHC1LMF,SanJoaquin,POHC1,37.737822,-119.595783,68.825644,2204.353396,7232.130795,1143.172664,45.006822,7.738849,45.929928,1140.754544,44.91162,7.765153,45.977275,-0.211527101,0.103085291
POHC1LUF,SanJoaquin,POHC1,37.822818,-119.528807,63.428747,2681.092256,8796.234716,1358.67419,53.491139,4.501667,40.103,1353.735784,53.296713,4.547951,40.186311,-0.363472423,0.207742563
PRBC1HOF,CentralCoast,PRBC1,35.435322,-120.582092,389.116613,461.903243,1515.430635,617.003054,24.291472,14.866717,58.760091,617.57846,24.314126,14.865804,58.758448,0.093258209,-0.002796115
PSRC1HLF,EastSierra,PSRC1,39.377948,-120.164444,12.713572,1782.619362,5848.488907,660.190407,25.991762,6.713265,44.083878,664.999999,26.181116,6.7138,44.08484,0.728515887,0.002182204
PSRC1HUF,EastSierra,PSRC1,39.382313,-120.262566,40.847137,2087.149869,6847.604776,1088.045837,42.836473,5.915893,42.648607,1082.408609,42.614535,5.923418,42.662152,-0.518105746,0.031759537
PTTC1HOF,SanJoaquin,PTTC1,37.44142,-121.356521,72.673868,557.58369,1829.342873,431.369183,16.983048,15.811735,60.461122,430.062398,16.9316,15.826679,60.488022,-0.302938887,0.044491401
PYMC1HOF,SouthernCalifornia,PYMC1,34.708703,-118.961286,290.704998,1494.926311,4904.614037,534.781854,21.054415,12.334362,54.201852,534.473211,21.042264,12.355113,54.239203,-0.057713813,0.068910929
RADC1HOF,NorthCoast,RADC1,40.324251,-123.382151,26.920896,1059.678374,3476.635197,1656.329329,65.209851,11.001905,51.803429,1658.628624,65.300375,10.971569,51.748824,0.13881871,-0.10540808
RBBC1HOF,American,RBBC1,38.946418,-120.196909,31.609877,2372.871474,7785.011646,1462.537,57.580228,5.736615,42.325908,1453.097852,57.208608,5.793967,42.42914,-0.645395501,0.243897898
RCVC1HOF,UpperSacramento,RCVC1,39.607806,-121.62604,104.98609,175.036178,574.265694,879.001405,34.606373,16.536768,61.766183,875.2957,34.460479,16.538285,61.768913,-0.421581237,0.004419894
RDGC1LOF,UpperSacramento,RDGC1,40.556835,-122.55654,28.273856,553.41152,1815.65465,1490.770694,58.691791,14.777241,58.599035,1499.348675,59.029507,14.716018,58.488832,0.575405797,-0.188062824
RDRC1HOF,CentralCoast,RDRC1,36.40191,-121.640133,193.151311,695.008076,2280.210298,750.842201,29.560733,14.266908,57.680435,749.184689,29.495476,14.27552,57.695936,-0.220753708,0.02687393
RIPC1LOF,SanJoaquin,RIPC1,37.763309,-120.896322,59.750363,47.138458,154.65374,369.289212,14.538953,16.661494,61.990689,369.025,14.528551,16.661886,61.991395,-0.071546092,0.001138881
RMKC1HOF,RussianNapa,RMKC1,38.675607,-122.701504,44.119738,407.766323,1337.816062,1176.899096,46.334635,14.950449,58.910809,1181.578467,46.518862,14.926588,58.867859,0.397601716,-0.072906824
RMSC1LOF,CachePutah,RMSC1,38.992304,-122.50358,219.715947,577.610738,1895.048413,835.074025,32.876948,14.860676,58.749218,837.481257,32.971721,14.855902,58.740624,0.288265702,-0.01462828
ROCN2HLF,Humboldt,ROCN2,41.109856,-116.614297,830.216167,1731.672253,5681.339593,300.956434,11.848685,7.922394,46.26031,301.204715,11.85846,7.918405,46.25313,0.082497323,-0.015520864
ROCN2HUF,Humboldt,ROCN2,41.297848,-116.397577,32.916174,2260.539791,7416.469367,539.603574,21.244247,5.568254,42.022857,545.960783,21.494531,5.527266,41.949078,1.178125814,-0.175568739
ROLC1HLF,FeatherYuba,ROLC1,39.228485,-120.864183,96.73307,1020.431661,3347.873009,1559.844724,61.411243,13.077487,55.539477,1560.096202,61.421143,13.085092,55.553166,0.016121989,0.024647333
ROLC1HUF,FeatherYuba,ROLC1,39.305518,-120.715226,5.116819,1597.038574,5239.628035,1775.484214,69.900991,10.733684,51.320632,1772.788574,69.794863,10.748095,51.346571,-0.151825625,0.050543025
RRGC1LOF,American,RRGC1,38.985637,-120.350589,40.225667,1891.443026,6205.521938,1517.33709,59.737713,8.35903,47.046255,1513.961962,59.604834,8.309346,46.956824,-0.222437586,-0.190091645
RUFC1LLF,American,RUFC1,38.959321,-120.574843,104.205189,1224.986005,4018.983085,1433.720189,56.445707,12.563823,54.614881,1429.24087,56.269356,12.629429,54.732973,-0.312426304,0.216226783
RUFC1LUF,American,RUFC1,39.001959,-120.455642,49.26567,1691.469827,5549.441868,1598.866121,62.947519,9.784241,49.611634,1599.936933,62.989677,9.763265,49.573878,0.066973212,-0.076103117
RVBC1LOF,LowerSacramento,RVBC1,38.474504,-121.730154,1259.040193,45.458485,149.142017,522.880239,20.585847,16.30839,61.355102,522.801977,20.582766,16.308388,61.355099,-0.014967481,-4.88957E-06
SACC1LOF,LowerSacramento,SACC1,38.806114,-121.358576,645.368535,77.572049,254.501482,586.263962,23.081271,16.501681,61.703025,585.957194,23.069193,16.501897,61.703415,-0.052325918,0.00063206
SAMC1LOF,LowerSacramento,SAMC1,38.611105,-121.271252,43.665673,42.424517,139.188052,561.058756,22.088939,16.55339,61.796102,560.817769,22.079452,16.552169,61.793904,-0.042952186,-0.003556859
SBRC1HLF,Klamath,SBRC1,41.29172,-123.227162,505.504251,1055.384989,3462.549288,1390.611906,54.74853,11.481395,52.666511,1386.63938,54.592131,11.530298,52.754536,-0.285667481,0.16713657
SBRC1HUF,Klamath,SBRC1,41.29681,-123.113878,245.066762,1798.345929,5900.085259,1651.80477,65.031719,8.036119,46.465014,1649.319552,64.933876,8.005719,46.410294,-0.150454705,-0.117766025
SCBC1HLF,FeatherYuba,SCBC1,39.937828,-120.938007,116.281663,1280.997381,4202.747446,1104.231123,43.47369,10.890911,51.60364,1104.529738,43.485446,10.894354,51.609838,0.027042799,0.012010781
SCBC1HUF,FeatherYuba,SCBC1,39.949372,-120.913849,67.615417,1781.481621,5844.756163,1320.354013,51.98247,9.12539,48.425703,1322.08687,52.050692,9.153676,48.476618,0.131241847,0.105140446
SCNO3HLF,Klamath,SCNO3,42.664034,-121.225991,104.930984,1472.019901,4829.461772,468.562565,18.447355,6.981924,44.567463,468.061456,18.427626,6.98777,44.577986,-0.106946017,0.023611396
SCNO3HUF,Klamath,SCNO3,42.737275,-121.095062,450.836047,1731.720224,5681.496981,686.445482,27.025427,6.141722,43.0551,687.980393,27.085857,6.130769,43.035385,0.223602754,-0.045790162
SCOC1LOF,NorthCoast,SCOC1,40.310226,-123.810238,470.121154,467.739657,1534.578977,1667.473735,65.648608,12.92391,55.263038,1665.09476,65.554947,12.924247,55.263644,-0.142669414,0.001096574
SCPC1LOF,SouthernCalifornia,SCPC1,34.466959,-118.413843,508.702774,766.952708,2516.249124,446.01001,17.559459,16.741484,62.134671,445.775207,17.550214,16.743022,62.13744,-0.052645231,0.004456449
SCRN2LLF,EastSierra,SCRN2,39.352211,-119.773666,24.063141,1638.548071,5375.814052,378.747938,14.911344,9.624227,49.323608,374.631276,14.749271,9.670851,49.407532,-1.086913376,0.170149759
SCRN2LUF,EastSierra,SCRN2,39.341182,-119.8774,15.003157,2361.62219,7748.104544,1017.149489,40.045277,5.855172,42.53931,1008.294508,39.696656,5.904167,42.6275,-0.870568299,0.207314129
SCSC1LLF,Tulare,SCSC1,36.148633,-118.803029,193.282316,715.104495,2346.143432,559.179796,22.014964,15.917768,60.651982,560.536973,22.068397,15.914849,60.646729,0.242708519,-0.008660888
SCSC1LMF,Tulare,SCSC1,36.20182,-118.657825,84.888459,1922.289245,6306.723445,1034.896647,40.743984,9.503559,49.106406,1035.879771,40.78269,9.476384,49.057492,0.094997312,-0.099608186
SCSC1LUF,Tulare,SCSC1,36.251992,-118.637805,16.099997,2632.948356,8638.282283,1216.198975,47.881875,6.44,43.592,1218.501166,47.972513,6.398,43.5164,0.189293943,-0.173426317
SCWN2LLF,EastSierra,SCWN2,39.439347,-119.765709,84.843015,1493.987256,4901.533149,293.409311,11.551554,10.545172,50.98131,291.372253,11.471355,10.547357,50.985243,-0.694271764,0.007714592
SCWN2LUF,EastSierra,SCWN2,39.385947,-119.825269,35.61221,2236.61492,7337.975693,755.334207,29.737583,6.961103,44.529986,749.64674,29.513667,7.011014,44.619826,-0.752973577,0.201751692
SDDC1LOF,CentralCoast,SDDC1,36.207936,-121.029203,801.086728,339.919897,1115.222796,376.251674,14.813066,15.336424,59.605563,376.421062,14.819735,15.335547,59.603985,0.045019866,-0.002647404
SEIC1LLF,Klamath,SEIC1,41.848124,-122.827664,716.671244,1025.603366,3364.840547,747.189262,29.416916,10.89288,51.607185,743.87053,29.286257,10.888026,51.598447,-0.444162165,-0.016931751
SEIC1LUF,Klamath,SEIC1,41.815792,-122.97311,149.649336,1755.955829,5761.010123,1397.659852,55.026008,7.892373,46.206272,1413.183678,55.637183,7.834482,46.102067,1.11070129,-0.225521332
SESC1HOF,SouthernCalifornia,SESC1,34.559785,-119.112093,253.577432,1242.022493,4074.877074,830.207888,32.685368,13.802808,56.845055,832.373028,32.770609,13.805337,56.849606,0.26079492,0.008005973
SFCC1HOF,CentralCoast,SFCC1,37.393685,-122.23844,37.659092,288.247975,945.695485,789.261744,31.073314,15.250067,59.450121,791.858028,31.17553,15.248944,59.448099,0.328950949,-0.003401171
SFYC1HLF,Klamath,SFYC1,40.381143,-123.270357,306.989742,1133.417776,3718.562376,1583.128297,62.327919,11.27552,52.295936,1581.518,62.264522,11.282835,52.309102,-0.10171614,0.025175952
SFYC1HUF,Klamath,SFYC1,40.260641,-123.131251,34.686564,1691.632361,5549.975114,1908.339099,75.131501,9.512015,49.121627,1917.365513,75.486872,9.519793,49.135628,0.472998431,0.02850272
SGEC1LLF,UpperSacramento,SGEC1,39.411229,-122.604313,175.245399,686.78513,2253.232126,824.072856,32.443831,14.297933,57.736279,825.186883,32.48769,14.304353,57.747835,0.135185499,0.020015145
SGEC1LUF,UpperSacramento,SGEC1,39.392196,-122.741714,25.116196,1737.18782,5699.435289,1511.4579,59.506249,9.4931,49.08758,1507.695728,59.358132,9.457083,49.02275,-0.248910142,-0.132070067
SGNC1HOF,EastSierra,SGNC1,39.42961,-120.271319,10.682915,2162.153206,7093.678725,989.473414,38.955667,5.640488,42.152878,988.500002,38.917344,5.6495,42.1691,-0.098376772,0.038483731
SHDC1LOF,UpperSacramento,SHDC1,40.855726,-122.254051,441.361157,624.945367,2050.345758,1779.200387,70.047297,14.793696,58.628652,1778.840184,70.033116,14.804679,58.648422,-0.020245218,0.033720714
SHEC1HOF,RussianNapa,SHEC1,38.564333,-122.538273,78.907533,311.583536,1022.255729,1061.325171,41.784478,15.205576,59.370037,1057.267076,41.62471,15.224718,59.404492,-0.382361138,0.058034325
SHRC1LOF,SouthernCalifornia,SHRC1,33.32054,-116.970105,167.799894,675.779396,2217.124073,504.578331,19.865299,16.378975,61.482155,502.887591,19.798735,16.409352,61.536834,-0.335079788,0.088934749
SKPC1HOF,CachePutah,SKPC1,39.070971,-123.020513,55.882527,706.948261,2319.384132,1116.131593,43.942212,14.343673,57.818611,1116.911529,43.972919,14.340648,57.813167,0.069878499,-0.009415653
SKRC1HLF,Tulare,SKRC1,35.772093,-118.195146,12.587548,1294.780298,4247.966992,371.5284,14.62711,14.819,58.6742,370.916809,14.603032,14.792766,58.626979,-0.164614872,-0.080480007
SKRC1HMF,Tulare,SKRC1,35.952356,-118.17817,281.907703,2113.098865,6932.739281,500.473107,19.703676,9.2577,48.663859,499.827812,19.678271,9.282931,48.709275,-0.128936998,0.093325932
SKRC1HUF,Tulare,SKRC1,36.198715,-118.202862,234.737757,2704.65078,8873.526464,553.737847,21.800714,4.893277,40.807898,554.620761,21.835475,4.906544,40.831779,0.159446208,0.058520534
SLOC1LOF,SouthernCalifornia,SLOC1,33.281534,-117.171931,182.570245,230.181428,755.188438,379.19723,14.929033,17.281743,63.107138,379.947219,14.95856,17.277264,63.099076,0.197783354,-0.0127751
SLUC1HOF,SouthernCalifornia,SLUC1,34.553363,-120.358196,46.922796,279.59482,917.305869,581.00335,22.87416,15.635243,60.143438,582.370293,22.927977,15.622882,60.121188,0.235272826,-0.036994892
SMHC1LOF,SouthernCalifornia,SMHC1,33.475916,-117.057146,45.80272,465.741478,1528.023271,403.664208,15.8923,17.882623,64.188721,405.673195,15.971394,17.870355,64.166639,0.497687672,-0.034401683
SNRC1LOF,CentralCoast,SNRC1,35.874788,-121.009287,106.686629,353.82815,1160.853547,414.636218,16.324269,15.417262,59.751072,414.802177,16.330803,15.418658,59.753585,0.040025206,0.004205782
SOLC1HOF,CentralCoast,SOLC1,36.231835,-121.466492,241.525665,759.016305,2490.211054,792.10312,31.185179,14.880406,58.784732,791.210746,31.150046,14.888452,58.799214,-0.112658816,0.024635649
SOSC1HLF,N_SanJoaquin,SOSC1,38.586413,-120.52317,66.28791,1113.432653,3652.994384,1197.078674,47.129107,13.109132,55.596438,1197.460659,47.144146,13.106641,55.591953,0.031909766,-0.008067064
SOSC1HUF,N_SanJoaquin,SOSC1,38.592185,-120.323737,40.817446,1788.480909,5867.719705,1360.127927,53.548372,9.708841,49.475915,1361.843647,53.615921,9.635157,49.343283,0.126144017,-0.26807387
SPRC1LOF,CentralCoast,SPRC1,36.603659,-121.509289,109.874172,265.667425,871.612315,411.317763,16.193621,14.276309,57.697356,410.733648,16.170625,14.273261,57.69187,-0.142010643,-0.009508235
SREC1LLF,SouthernCalifornia,SREC1,34.127294,-117.157842,206.010892,866.445889,2842.670331,502.495724,19.783307,16.482046,61.667683,504.181941,19.849693,16.470321,61.646578,0.335568428,-0.03422376
SREC1LUF,SouthernCalifornia,SREC1,34.104983,-116.888202,12.536123,2793.393914,9164.678489,1011.486152,39.822311,6.662692,43.992846,1028.598567,40.496028,6.376531,43.477755,1.691809123,-1.170851733
SRWC1HLF,SouthernCalifornia,SRWC1,34.205882,-116.918127,171.130666,1940.77696,6367.378682,645.505454,25.413614,10.316999,50.570597,647.015644,25.473071,10.280763,50.505374,0.233954646,-0.128974155
SRWC1HUF,SouthernCalifornia,SRWC1,34.162454,-116.808859,37.950451,2684.560741,8807.614262,878.013923,34.567496,6.810823,44.259481,874.090685,34.413038,6.857023,44.342641,-0.446830955,0.187891946
SSAC1HOF,RussianNapa,SSAC1,38.447088,-122.624745,56.4008,261.170412,856.858335,953.673374,37.546216,14.809956,58.657921,955.448445,37.616101,14.807215,58.652986,0.186129869,-0.008413186
SSQC1HOF,SouthernCalifornia,SSQC1,34.808019,-119.880808,281.207757,993.961276,3261.027911,646.419279,25.449592,15.227821,59.410077,646.088288,25.43656,15.216383,59.389489,-0.051203764,-0.034654054
STPC1LLF,EastSierra,STPC1,39.477139,-120.138045,7.893164,1816.178194,5958.590067,669.331179,26.351635,6.857059,44.342706,659.437098,25.962105,6.891613,44.404903,-1.47820411,0.140264331
STPC1LUF,EastSierra,STPC1,39.487542,-120.254037,109.069844,2086.240783,6844.62221,1028.561171,40.494556,5.944144,42.699459,1026.306223,40.405779,5.945416,42.701748,-0.219233242,0.005360724
STVC1LOF,SanJoaquin,STVC1,37.491611,-120.514538,161.935454,93.389365,306.395565,365.373018,14.384772,16.7613,62.170341,364.051245,14.332734,16.761214,62.170185,-0.361759882,-0.000250924
STWN2LLF,EastSierra,STWN2,38.951196,-119.704748,382.802684,1666.660499,5468.046431,406.301492,15.99613,9.333444,48.800198,406.131498,15.989438,9.337092,48.806765,-0.041839374,0.013456913
STWN2LUF,EastSierra,STWN2,38.935142,-119.687946,81.473115,2411.307394,7911.113752,723.173079,28.471396,5.915894,42.64861,720.588314,28.369634,5.901503,42.622706,-0.35741997,-0.060738205
SUAC1LOF,FeatherYuba,SUAC1,39.340108,-120.489829,85.821823,2016.78036,6616.733676,1791.037372,70.51332,6.867943,44.362297,1790.638769,70.497627,6.881862,44.387351,-0.022255426,0.056475885
SUSC1HLF,EastSierra,SUSC1,40.435896,-120.887249,143.68066,1684.033726,5525.045208,733.516627,28.878623,7.201566,44.962819,733.230963,28.867376,7.19641,44.953538,-0.038944448,-0.020641499
SUSC1HUF,EastSierra,SUSC1,40.450594,-120.968817,47.334271,1970.784829,6465.829697,929.862314,36.608772,6.741559,44.134806,925.130373,36.422475,6.756543,44.161777,-0.508886201,0.061110499
SVCC1LLF,American,SVCC1,38.845075,-120.498754,29.731758,1402.24342,4600.536302,1374.229105,54.103537,11.923008,53.461415,1372.079307,54.0189,11.954,53.5172,-0.156436652,0.104346284
SVCC1LUF,American,SVCC1,38.854419,-120.427643,30.149096,1656.595301,5435.024127,1466.587795,57.739708,10.404153,50.727475,1466.604272,57.740357,10.358547,50.645385,0.001123492,-0.16182552
SVIC1HOF,SouthernCalifornia,SVIC1,32.971441,-116.857535,74.308272,498.637511,1635.949891,436.903036,17.200916,16.792607,62.226693,436.611875,17.189453,16.788088,62.218559,-0.066642018,-0.013071561
SVWC1HOF,SouthernCalifornia,SVWC1,34.268198,-117.312563,33.913482,1333.153,4373.861688,770.070595,30.317756,13.880299,56.984537,767.049342,30.198809,13.909508,57.037115,-0.39233455,0.092267136
TAHC1HOF,EastSierra,TAHC1,39.041172,-120.031424,509.36368,2124.354769,6969.6681,876.706254,34.516013,6.298921,43.338058,878.998827,34.606272,6.283547,43.310384,0.26149842,-0.063856115
TBDN2LOF,EastSierra,TBDN2,39.534802,-119.583437,335.430263,1646.283732,5401.193519,320.449404,12.616125,10.044673,50.080411,319.933955,12.595832,10.05381,50.096857,-0.160851914,0.032839187
TCCC1HLF,Klamath,TCCC1,41.192064,-122.655973,54.532779,1244.016173,4081.41802,1487.484405,58.56241,10.692431,51.246376,1487.590448,58.566585,10.728348,51.311027,0.007129016,0.126157214
TCCC1HUF,Klamath,TCCC1,41.250519,-122.630616,93.405574,1851.353215,6073.993683,1579.233756,62.174591,7.483413,45.470143,1579.596641,62.188878,7.391463,45.304634,0.022978549,-0.363994897
TCRC1HLF,UpperSacramento,TCRC1,39.890163,-122.753594,132.155964,1009.180557,3310.959938,926.301578,36.468586,12.977049,55.358688,926.230883,36.465802,12.9638,55.334841,-0.007631964,-0.043077249
TCRC1HUF,UpperSacramento,TCRC1,39.961438,-122.840058,71.002855,1751.854475,5747.554234,1399.165818,55.085298,9.192397,48.546315,1401.243981,55.167116,9.16087,48.489565,0.148528714,-0.116898677
TEHC1LLF,UpperSacramento,TEHC1,40.174964,-122.167975,788.732173,366.366314,1201.989259,772.6005,30.417359,16.139827,61.051689,773.614231,30.45727,16.133667,61.040601,0.131210244,-0.01816166
TEHC1LUF,UpperSacramento,TEHC1,40.285,-121.65364,19.787234,1731.879858,5682.020713,1621.23536,63.828198,9.265952,48.678714,1629.596109,64.157362,9.217792,48.592026,0.515702359,-0.178081944
TEKC1HOF,SouthernCalifornia,TEKC1,33.416005,-116.787501,131.506753,1119.897625,3674.204924,457.018215,17.992853,14.947105,58.904789,457.200064,18.000012,14.941015,58.893827,0.039790318,-0.018609692
TESC1HOF,CentralCoast,TESC1,36.716398,-121.124465,208.485436,657.550868,2157.319189,436.291809,17.176852,15.02344,59.042193,436.610842,17.189413,15.021584,59.038851,0.073123766,-0.005660359
THTC1LOF,N_SanJoaquin,THTC1,38.346708,-121.016508,627.052585,210.825077,691.683344,614.608918,24.197215,16.096003,60.972806,614.910803,24.2091,16.095909,60.972635,0.049118226,-0.000280453
TIMC1HOF,SouthernCalifornia,TIMC1,34.005311,-117.046091,120.93649,883.034839,2897.096023,425.971388,16.770536,16.730286,62.114514,425.240314,16.741754,16.752735,62.154924,-0.171625142,0.065057259
TMDC1LLF,Tulare,TMDC1,36.379991,-118.893322,101.316836,746.922962,2450.53473,679.399608,26.74803,16.145208,61.061374,678.512544,26.713107,16.152649,61.074769,-0.130565869,0.021936945
TMDC1LMF,Tulare,TMDC1,36.350628,-118.74979,20.59828,1888.675992,6196.44374,999.959636,39.368511,10.034756,50.062561,995.788441,39.204291,10.067273,50.121091,-0.417136337,0.116913715
TMDC1LUF,Tulare,TMDC1,36.346716,-118.643562,19.291015,2761.263843,9059.264867,1024.594305,40.33838,5.733924,42.321063,1031.637705,40.61568,5.643108,42.157595,0.687433062,-0.386256839
TRCC1LOF,EastSierra,TRCC1,39.218006,-120.217337,46.41135,2130.543774,6989.973235,1286.500535,50.649655,6.168663,43.103594,1289.889096,50.783063,6.167627,43.101729,0.263393672,-0.004326785
TRJC1LLF,Klamath,TRJC1,40.644637,-122.901546,321.93198,940.396592,3085.290754,1072.322934,42.217461,11.682936,53.029285,1071.231244,42.174481,11.696617,53.053911,-0.101806085,0.046438491
TRJC1LUF,Klamath,TRJC1,40.669892,-122.916824,19.104335,1721.723842,5648.70045,1641.595734,64.629788,8.944,48.0992,1645.86961,64.798051,8.974605,48.154289,0.260348873,0.11453205
TRRN2LLF,EastSierra,TRRN2,39.523312,-119.921795,72.495777,1581.60058,5188.978447,367.991551,14.487864,9.768793,49.583828,368.162847,14.494608,9.757011,49.562619,0.046548895,-0.042774027
TRRN2LUF,EastSierra,TRRN2,39.50154,-119.984411,63.698825,2151.042611,7057.226639,700.556951,27.580997,6.831467,44.296641,706.484327,27.814359,6.801111,44.242,0.846094809,-0.123352468
TSLC1HOF,SouthernCalifornia,TSLC1,33.807967,-117.43985,205.079917,483.787633,1587.229819,314.811899,12.394176,18.179471,64.723048,314.312607,12.374519,18.18289,64.729202,-0.158600104,0.009508205
TVRC1HLF,Tulare,TVRC1,36.028851,-118.725795,60.604332,1033.008447,3389.135434,659.008179,25.945218,14.636559,58.345806,661.123032,26.02848,14.609307,58.296753,0.32091453,-0.084072881
TVRC1HMF,Tulare,TVRC1,36.046266,-118.644893,33.175403,1858.303948,6096.797924,953.68567,37.5467,10.012537,50.022567,965.728226,38.020817,9.83,49.694,1.262738487,-0.656837543
TVRC1HUF,Tulare,TVRC1,36.074644,-118.588623,1.925105,2560.905781,8401.922122,1210.240008,47.64727,6.902857,44.425143,1227.247998,48.316876,6.608,43.8944,1.405340254,-1.194690583
TWDC1LOF,SouthernCalifornia,TWDC1,35.111795,-120.21987,128.105414,503.185976,1650.872676,521.905145,20.547458,15.795667,60.432201,521.395263,20.527384,15.799432,60.438977,-0.097696297,0.011212565
UKAC1HOF,RussianNapa,UKAC1,39.287273,-123.264851,100.406718,447.080003,1466.797958,1197.044791,47.127773,13.759975,56.767956,1199.198317,47.212558,13.757296,56.763133,0.179903544,-0.00849599
UNVC1HLF,American,UNVC1,38.870444,-120.395966,9.731164,1491.838853,4894.484584,1422.23536,55.993548,10.463415,50.834146,1417.848708,55.820845,10.527436,50.949385,-0.30843362,0.226696048
UNVC1HUF,American,UNVC1,38.891143,-120.30398,74.010224,1965.321025,6447.903833,1344.49515,52.932908,7.914916,46.246849,1345.448561,52.970444,7.908421,46.235158,0.070912193,-0.02527956
VCAC1LOF,SouthernCalifornia,VCAC1,34.395432,-118.994916,270.495121,446.828439,1465.972614,580.802161,22.866239,16.387656,61.49778,578.877951,22.790483,16.40555,61.52999,-0.331302142,0.052375874
VISN2LOF,EastSierra,VISN2,39.556489,-119.766266,27.358272,1414.484827,4640.698399,223.55823,8.80151,11.05823,51.904814,222.904722,8.775781,11.071296,51.928333,-0.292321155,0.045311789
VLKC1LOF,SouthernCalifornia,VLKC1,33.524061,-116.81533,186.349728,1006.46321,3302.044756,373.258733,14.695234,15.65472,60.178496,372.980045,14.684262,15.638301,60.148942,-0.074663491,-0.049110566
VNSC1LOF,SanJoaquin,VNSC1,37.579939,-121.056809,570.59175,104.061668,341.409683,330.47029,13.010648,16.514357,61.725842,330.761875,13.022128,16.512459,61.722425,0.088233348,-0.005535769
VRVC1HOF,SouthernCalifornia,VRVC1,34.473135,-119.312973,187.56782,702.262355,2304.010426,801.438448,31.552712,15.572773,60.030991,798.219809,31.425994,15.579839,60.043711,-0.40160776,0.021189055
VWBC1LOF,UpperSacramento,VWBC1,39.989417,-122.187388,274.825644,222.786924,730.928251,699.973492,27.558026,16.633035,61.939463,700.308109,27.5712,16.632011,61.93762,0.047804239,-0.002975486
WADN2LOF,EastSierra,WADN2,39.603421,-119.359365,50.266254,1474.160464,4836.484617,196.918502,7.752701,10.825266,51.485478,193.853367,7.632026,10.868571,51.563429,-1.556550029,0.151403858
WALN2LOF,EastSierra,WALN2,39.004682,-119.096682,347.776307,1480.112458,4856.012155,154.506984,6.082955,10.771657,51.388983,154.815461,6.0951,10.764286,51.375714,0.199652464,-0.025820709
WARC1HOF,SanJoaquin,WARC1,36.125067,-120.56021,81.692037,681.30383,2235.248859,534.546575,21.045152,15.364954,59.656917,534.032114,21.024898,15.358389,59.645101,-0.096242502,-0.019806588
WBGC1HLF,FeatherYuba,WBGC1,39.907174,-121.510172,62.591986,1149.333259,3770.778529,1866.173269,73.471428,12.431323,54.376381,1864.368948,73.400392,12.441538,54.394769,-0.09668561,0.033816153
WBGC1HUF,FeatherYuba,WBGC1,40.012488,-121.457903,45.525788,1752.028784,5748.126114,2003.855412,78.891988,8.986448,48.175607,2004.165394,78.904192,8.956854,48.122337,0.01546928,-0.110574632
WFMC1LOF,SouthernCalifornia,WFMC1,34.307862,-117.318724,37.116633,1194.370952,3918.539995,529.835818,20.859689,14.75,58.55,519.007986,20.433396,14.802612,58.644702,-2.043620237,0.161745517
WHSC1HOF,UpperSacramento,WHSC1,40.746869,-122.610624,199.699015,899.598658,2951.439263,1494.82927,58.851578,12.813407,55.064133,1493.726215,58.80815,12.823158,55.081684,-0.07379137,0.031873743
WHWC1LLF,SouthernCalifornia,WHWC1,33.680413,-116.160251,391.17783,432.465132,1418.848902,135.624161,5.339537,20.52145,68.938611,135.736629,5.343965,20.506792,68.912225,0.082926227,-0.038274632
WHWC1LUF,SouthernCalifornia,WHWC1,33.516975,-116.37256,3.879754,1994.503495,6543.646846,449.604446,17.700972,11.057222,51.903,461.158335,18.15585,10.895556,51.612,2.569789757,-0.560661233
WIPC1HLF,SouthernCalifornia,WIPC1,33.947787,-116.778221,215.468756,997.084717,3271.275423,420.76778,16.56567,16.586339,61.85541,420.71486,16.563586,16.594388,61.869898,-0.012577009,0.023422365
WIPC1HUF,SouthernCalifornia,WIPC1,34.013366,-116.783809,47.352244,2311.173327,7582.589899,788.2418,31.033158,9.33582,48.804476,789.067932,31.065683,9.25931,48.666759,0.104806926,-0.282181085
WKAO3HLF,Klamath,WKAO3,42.942077,-121.690751,749.12313,1428.072617,4685.277764,630.376271,24.817977,6.301752,43.343154,630.231064,24.81226,6.301924,43.343464,-0.023034972,0.000715223
WKAO3HUF,Klamath,WKAO3,43.010252,-121.71813,551.110638,1718.86186,5639.310746,900.450717,35.450835,5.769581,42.385247,903.487952,35.570411,5.765427,42.377768,0.337301636,-0.017645291
WMSO3LLF,Klamath,WMSO3,42.651018,-121.864487,76.679889,1382.893124,4537.051077,584.711041,23.020132,6.965647,44.538164,584.859131,23.025962,6.965273,44.537492,0.02532704,-0.001508818
WMSO3LUF,Klamath,WMSO3,42.56031,-121.814046,10.691169,1625.450654,5332.843522,801.123027,31.540294,6.530233,43.754419,799.434226,31.473805,6.530222,43.7544,-0.210804201,-4.34242E-05
WOOC1HOF,EastSierra,WOOC1,38.750786,-119.919138,65.575348,2457.806362,8063.669425,1086.43894,42.77321,5.384621,41.692318,1090.111962,42.917817,5.378745,41.681741,0.338079009,-0.025369182
WSDC1HOF,RussianNapa,WSDC1,38.786415,-123.131379,130.207406,357.338556,1172.370628,1380.4441,54.348222,15.031651,59.056972,1381.481578,54.389068,15.025976,59.046757,0.075155379,-0.017296857
WTIC1LOF,SouthernCalifornia,WTIC1,33.778462,-116.326532,257.413558,440.340713,1444.687426,135.874131,5.349378,20.707867,69.274161,135.912778,5.3509,20.711528,69.28075,0.028443236,0.009511483
WWBC1HLF,EastSierra,WWBC1,38.336271,-119.479398,46.002991,2248.788885,7377.916524,710.009729,27.953154,5.796685,42.434033,711.676186,28.018763,5.819942,42.475896,0.234709037,0.098654304
WWBC1HUF,EastSierra,WWBC1,38.273304,-119.53337,134.270269,2849.653335,9349.256648,1098.095027,43.232111,2.942633,37.296739,1099.987465,43.306617,2.923462,37.262232,0.172338273,-0.092520153
WWHN2LLF,EastSierra,WWHN2,38.784932,-119.313479,431.924145,1774.370073,5821.424309,282.275117,11.1132,9.14899,48.468183,280.99681,11.062872,9.162499,48.492497,-0.452858549,0.050164868
WWHN2LUF,EastSierra,WWHN2,38.577814,-119.300784,56.587132,2680.625215,8794.702429,627.859643,24.718897,4.498565,40.097417,633.004145,24.921436,4.462952,40.033314,0.819371345,-0.159868153
WWIC1LLF,SouthernCalifornia,WWIC1,33.934889,-116.506763,399.228832,662.926163,2174.954672,186.948342,7.360175,19.464651,67.036371,186.53562,7.343926,19.463413,67.034144,-0.220767938,-0.003322077
WWIC1LUF,SouthernCalifornia,WWIC1,33.917053,-116.648348,26.73495,2259.003086,7411.427686,533.075728,20.987245,9.676182,49.417127,534.104333,21.027741,9.643889,49.359,0.192956637,-0.117625211
YDRC1LOF,SouthernCalifornia,YDRC1,33.431673,-117.264259,132.017349,323.240928,1060.501768,454.056984,17.876269,17.631713,63.737084,454.271322,17.884707,17.628658,63.731585,0.047205088,-0.00862763
YOLC1LOF,CachePutah,YOLC1,38.758265,-122.115196,174.701086,228.613762,750.045175,605.775234,23.849432,16.063734,60.914721,605.0163,23.819552,16.07058,60.927043,-0.125283101,0.020228279
YREC1HLF,Klamath,YREC1,41.609733,-122.454439,593.176468,1005.802335,3299.876533,607.567508,23.919994,10.678221,51.220798,608.443703,23.954489,10.679992,51.223985,0.144213604,0.006222082
YREC1HUF,Klamath,YREC1,41.54421,-122.304364,172.058705,1922.805691,6308.417823,1055.571557,41.557958,6.7203,44.09654,1053.054109,41.458846,6.709349,44.076828,-0.238491458,-0.04470192
YTLC1LOF,SouthernCalifornia,YTLC1,34.226429,-117.452765,112.997138,1137.793563,3732.918633,799.053528,31.458817,15.075385,59.135692,798.001898,31.417415,15.109233,59.196619,-0.131609456,0.103029149
YUBC1LOF,FeatherYuba,YUBC1,39.366633,-121.508704,312.271463,117.92402,386.889842,743.807327,29.283769,16.459332,61.626797,742.966222,29.250654,16.460115,61.628207,-0.113081032,0.002287966
