Name,ForecastGroup,Basin,Area_m2,Area_mi2,MeanElev_m,MeanElev_ft,MeanAnnPrismPrcp81_10v2016cap_mm,MeanAnnPrismPrcp81_10_v07122019_mm
ACSC1HOF,CentralCoast,ACSC1,101607300,39.23057853,494.422498,1622.121108,536.227594,534.675132
ADLC1LOF,CentralCoast,ADLC1,560967300,216.5894745,331.245002,1086.761854,469.298988,468.736387
ADOC1LOF,SouthernCalifornia,ADOC1,1033406061,398.9980803,496.034047,1627.408343,460.279596,461.330007
AHOC1HOF,CentralCoast,AHOC1,200567700,77.43918897,816.170315,2677.724217,609.73278,610.453278
AKYC1HLF,American,AKYC1,18738000,7.2347418,1398.283742,4587.545231,1133.302277,1128.904395
AKYC1HUF,American,AKYC1,480290400,185.4401234,2192.182548,7192.200189,1292.665807,1289.390252
ALQC1HOF,CentralCoast,ALQC1,102714300,39.65799123,212.795603,698.148325,591.577152,593.242649
ALRC1HOF,CentralCoast,ALRC1,31066289.8,11.99469449,546.96335,1794.499236,1072.642856,1074.609091
ANDC1LOF,CentralCoast,ANDC1,210097190.5,81.11852525,480.749474,1577.262105,601.258245,601.319574
ANTC1HOF,FeatherYuba,ANTC1,183930321.6,71.01549715,1833.712336,6016.11678,703.264186,703.479499
APCC1LOF,RussianNapa,APCC1,226577886.6,87.48172202,196.566477,644.903159,905.085084,907.770265
ARCC1LOF,NorthCoast,ARCC1,943871400,364.4287475,694.281439,2277.826318,1792.213564,1793.025159
AROC1LOF,CentralCoast,AROC1,1120426200,432.5965558,219.384772,719.766336,566.403505,566.568359
AVYC1LLF,SanJoaquin,AVYC1,41683500,16.09399935,1360.837968,4464.69164,1314.625002,1312.255555
AVYC1LMF,SanJoaquin,AVYC1,194618726.4,75.14229026,2011.69885,6600.062054,1396.464886,1394.799057
AWEC1LOF,CentralCoast,AWEC1,43617600,16.84075536,420.238899,1378.736589,549.371714,550.403637
BCAC1LLF,EastSierra,BCAC1,55208000,21.3158088,1766.449688,5795.438795,591.469091,592.888193
BCAC1LUF,EastSierra,BCAC1,38563200,14.88925152,1983.364747,6507.102398,623.521931,619.483726
BCKC1HOF,SanJoaquin,BCKC1,186621594.6,72.05459768,480.057396,1574.991507,590.813206,592.918279
BDBC1LOF,UpperSacramento,BDBC1,1294666650,499.8707936,335.413339,1100.437498,996.661743,997.822692
BHNC1HOF,SanJoaquin,BHNC1,605623907.8,233.8313908,658.162018,2159.324275,702.627515,700.833023
BKCC1HLF,UpperSacramento,BKCC1,278004825,107.3376629,890.006838,2919.970034,1614.209331,1617.990709
BKCC1HUF,UpperSacramento,BKCC1,105603525,40.773521,1772.930804,5816.7023,1823.080361,1821.562608
BLBC1LLF,UpperSacramento,BLBC1,1073997675,414.6705023,648.845778,2128.759181,753.681457,752.141295
BLBC1LUF,UpperSacramento,BLBC1,66586050,25.70887391,1689.327871,5542.414451,1312.994149,1306.007822
BLKC1HOF,NorthCoast,BLKC1,175560300,67.78383183,893.455843,2931.285669,2357.673398,2359.372716
BNCC1HOF,SanJoaquin,BNCC1,187530207.8,72.40541324,255.573173,838.494688,455.419558,456.570719
BOYO3LLF,Klamath,BOYO3,250320000,96.648552,1333.698294,4375.65071,580.381708,580.277525
BOYO3LUF,Klamath,BOYO3,154800000,59.76828,1713.904499,5623.046437,1122.987418,1122.58537
BPRC1HLF,EastSierra,BPRC1,452337600,174.6475474,2199.998773,7217.843974,399.933759,396.535674
BPRC1HUF,EastSierra,BPRC1,478068800,184.5823637,2810.693068,9221.434244,795.007181,793.696405
BRDC1LOF,CentralCoast,BRDC1,1490712300,575.564019,390.992631,1282.784264,432.222424,431.815995
BRGC1HOF,NorthCoast,BRGC1,572958000,221.2190838,922.868671,3027.78445,1755.445959,1753.428547
BSCC1HOF,RussianNapa,BSCC1,220666028.9,85.19915378,638.849974,2095.964548,1198.304685,1197.579242
BSRC1HOF,CentralCoast,BSRC1,120791700,46.63767537,776.689015,2548.192387,1126.26213,1128.772375
BTEC1HOF,CentralCoast,BTEC1,276793200,106.8698545,363.535301,1192.701157,1201.887743,1200.519358
BTJC1HOF,SouthernCalifornia,BTJC1,212946643,82.21869885,1375.613379,4513.167398,725.909162,725.601678
BTYO3HLF,Klamath,BTYO3,485020000,187.266222,1411.844301,4632.035255,410.080305,409.953948
BTYO3HUF,Klamath,BTYO3,876980000,338.601978,1768.651625,5802.662997,652.410468,652.350709
BURC1LLF,Klamath,BURC1,781830000,301.864563,985.859652,3234.447782,1152.436431,1151.758297
BURC1LUF,Klamath,BURC1,213220000,82.324242,1847.136206,6060.158349,1669.502084,1673.306089
BWKC1HOF,FeatherYuba,BWKC1,73552500,28.39862025,2012.9568,6604.189189,1858.266104,1855.509022
CADC1HOF,CentralCoast,CADC1,18111640.78,6.992904506,243.936223,800.315717,649.871789,645.493707
CBAC1LLF,American,CBAC1,525932100,203.0623838,1001.19821,3284.771135,1218.824689,1218.655183
CBAC1LUF,American,CBAC1,79672500,30.76155225,1759.763727,5773.503228,1271.105853,1269.002346
CCHC1LOF,SouthernCalifornia,CCHC1,363733049.4,140.4373304,790.568082,2593.727385,782.79425,781.570137
CDLC1LOF,RussianNapa,CDLC1,363983620.8,140.534076,470.051711,1542.164455,1224.23917,1225.4251
CEGC1LLF,Klamath,CEGC1,831353625,320.9856346,1052.000114,3451.444055,1345.397791,1344.871498
CEGC1LUF,Klamath,CEGC1,578374650,223.3104524,1861.682588,6107.882701,1838.829503,1840.331645
CEMC1HLF,EastSierra,CEMC1,370270400,142.9614014,2147.458291,7045.467061,838.660736,824.495702
CEMC1HUF,EastSierra,CEMC1,345980800,133.5831869,2693.40846,8836.64221,1155.96101,1159.792804
CFWC1LOF,FeatherYuba,CFWC1,465226875,179.6240964,511.962238,1679.666188,1063.273882,1062.346352
CHLC1LOF,CentralCoast,CHLC1,593091442,228.9926058,270.651832,887.965358,399.198146,401.875946
CHSO3LLF,Klamath,CHSO3,948370000,366.165657,1389.044242,4557.23191,451.687145,451.206215
CHSO3LUF,Klamath,CHSO3,368280000,142.192908,1660.763074,5448.697923,681.178613,686.453989
CHVC1HLF,SanJoaquin,CHVC1,13032000,5.0316552,1455.081112,4773.888315,1237.352278,1237.968124
CHVC1HMF,SanJoaquin,CHVC1,129258900,49.90686129,2094.001107,6870.082592,1318.533933,1318.78995
CHVC1HUF,SanJoaquin,CHVC1,159583500,61.61518935,2715.056687,8907.666582,1586.239958,1586.422316
CKEC1HLF,Klamath,CKEC1,1071270000,413.617347,1450.237729,4757.997949,402.872484,403.100714
CKEC1HUF,Klamath,CKEC1,750400000,289.72944,1605.888066,5268.661802,502.85693,502.872901
CLKC1LOF,CachePutah,CLKC1,949311811.8,366.5292905,545.943582,1791.153541,938.265834,938.359157
CLLC1HOF,SouthernCalifornia,CLLC1,644691115.1,248.9152395,319.27027,1047.474672,454.986206,454.749197
CMCC1LOF,N_SanJoaquin,CMCC1,112426200,43.40775582,109.416858,358.979205,541.504969,542.170301
CMIC1LOF,CentralCoast,CMIC1,217927689.2,84.14188082,278.955453,915.208209,491.694012,491.538505
CMPC1HLF,N_SanJoaquin,CMPC1,670360500,258.826189,988.951185,3244.590604,1096.670836,1098.102636
CMPC1HMF,N_SanJoaquin,CMPC1,604018800,233.2116587,1990.442063,6530.321939,1376.932392,1378.918488
CMPC1HUF,N_SanJoaquin,CMPC1,213922800,82.59559308,2583.42411,8475.801156,1466.924374,1472.240838
CNBC1LLF,UpperSacramento,CNBC1,2406170700,929.0225073,1469.939637,4822.636757,389.215621,389.862987
CNBC1LUF,UpperSacramento,CNBC1,687112425,265.2941073,1905.645056,6252.116524,627.031847,629.063363
COTC1HLF,UpperSacramento,COTC1,609764625,235.4301217,913.574228,2997.290871,1034.989853,1036.149305
COTC1HUF,UpperSacramento,COTC1,318055950,122.8014023,1856.092525,6089.5426,1491.865728,1486.784351
COYC1HOF,CentralCoast,COYC1,294204412.5,113.5923237,597.147171,1959.144323,584.826661,584.118736
CREC1HOF,NorthCoast,CREC1,1588559400,613.3427843,765.832359,2512.573437,2753.840808,2753.915823
CSKC1LOF,SouthernCalifornia,CSKC1,159003900,61.39140579,891.576596,2925.120158,557.488104,559.593259
CTIC1HOF,RussianNapa,CTIC1,105713618.8,40.81602822,115.501402,378.941618,888.459821,888.353204
CVQC1LOF,CentralCoast,CVQC1,54112500,20.89283625,445.911376,1462.96388,563.478905,561.660381
CWAC1HLF,UpperSacramento,CWAC1,2222813475,858.2282827,596.090455,1955.677408,934.060021,934.370207
CWAC1HUF,UpperSacramento,CWAC1,167937075,64.84050466,1728.697216,5671.578974,1559.388797,1566.044959
CWCC1HLF,UpperSacramento,CWCC1,996265125,384.6579648,583.977401,1915.936416,1186.398245,1186.798624
CWCC1HUF,UpperSacramento,CWCC1,98481825,38.02383263,1703.345268,5588.403289,1428.172694,1429.967901
CYBC1HOF,SouthernCalifornia,CYBC1,2291805201,884.865988,1030.890854,3382.18795,400.591896,400.63441
CYEC1LOF,CentralCoast,CYEC1,94212000,36.3752532,147.295044,483.251474,510.694529,511.763929
DCMC1LOF,SanJoaquin,DCMC1,342216416.5,132.1297584,74.532668,244.52976,409.655589,410.651072
DCSC1HOF,FeatherYuba,DCSC1,218255625,84.26849681,772.748844,2535.265316,1372.649359,1370.299032
DCVC1HLF,UpperSacramento,DCVC1,347153175,134.0358409,1037.715384,3404.578142,1414.932763,1412.655861
DCVC1HUF,UpperSacramento,DCVC1,194945175,75.26833207,1712.29253,5617.757824,1562.251526,1564.957745
DCWC1HOF,FeatherYuba,DCWC1,259104375,100.0401992,279.457347,916.854841,839.533859,839.672916
DEPC1HLF,SouthernCalifornia,DEPC1,65243233.82,25.19041258,1278.379939,4194.160041,351.4706,353.740329
DEPC1HUF,SouthernCalifornia,DEPC1,13682224.33,5.282706814,2098.952906,6886.328651,530.827089,538.687898
DIXN2HLF,Humboldt,DIXN2,2298780000,887.558958,1804.356789,5919.805927,305.27905,305.405803
DIXN2HUF,Humboldt,DIXN2,571125000,220.5113625,2497.682433,8194.496432,641.067805,645.305569
DKHC1HOF,SouthernCalifornia,DKHC1,348071377.4,134.3903588,1784.778862,5855.573882,559.745662,559.392082
DLMC1HLF,Tulare,DLMC1,189279900,73.08096939,784.412344,2573.531395,648.510782,650.927709
DLMC1HUF,Tulare,DLMC1,6468300,2.49741063,1757.645645,5766.554138,997.271812,1000.466992
DLTC1HLF,UpperSacramento,DLTC1,795704400,307.2214688,1031.627476,3384.604687,1708.488658,1709.431193
DLTC1HUF,UpperSacramento,DLTC1,290060100,111.9922046,1870.797831,6137.788355,1595.911113,1590.038871
DMCC1HOF,FeatherYuba,DMCC1,184792500,71.34838425,655.701109,2151.250427,1350.345812,1355.295654
DNRC1HOF,EastSierra,DNRC1,37533477.18,14.49167554,2054.444418,6740.303424,1195.132362,1190.951403
DOSC1HLF,NorthCoast,DOSC1,1465072200,565.6643764,932.586683,3059.667693,1386.519046,1388.26513
DOSC1HUF,NorthCoast,DOSC1,463958100,179.1342224,1723.730584,5655.284249,1874.146131,1876.058045
DRYC1HOF,SanJoaquin,DRYC1,196918831.9,76.030361,208.904936,685.38367,479.037273,478.187501
DSNC1HOF,SanJoaquin,DSNC1,175478423.4,67.75221927,180.836584,593.295898,416.617319,418.114212
DVGN2HLF,Humboldt,DVGN2,1980420000,764.640162,1907.591898,6258.503803,323.847092,323.309958
DVGN2HUF,Humboldt,DVGN2,279130000,107.772093,2309.728645,7577.850129,607.079373,603.602641
DVSC1HOF,FeatherYuba,DVSC1,112702073.8,43.51427071,1860.177481,6102.944686,749.988905,751.18134
EDCC1HLF,UpperSacramento,EDCC1,200977200,77.59729692,763.378315,2504.522111,853.848527,849.149403
EDCC1HUF,UpperSacramento,EDCC1,38345625,14.80524581,1704.751515,5593.016962,1192.554033,1188.840004
EDOC1HLF,N_SanJoaquin,EDOC1,409266900,158.0179501,968.047852,3176.010115,1142.407591,1140.959998
EDOC1HUF,N_SanJoaquin,EDOC1,121212900,46.80030069,1769.473485,5805.35939,1381.93823,1384.64159
EFBC1HOF,SouthernCalifornia,EFBC1,196189200,75.74865012,1032.609375,3387.826142,566.107647,565.835324
ELPC1HOF,SouthernCalifornia,ELPC1,488095242.8,188.4535732,911.557059,2990.672861,555.767601,557.081514
EPRC1HOF,UpperSacramento,EPRC1,261193275,100.8467235,674.263561,2212.150862,838.957567,839.827393
ESRC1HOF,CentralCoast,ESRC1,2392598700,923.7823581,545.937727,1791.134333,372.001173,372.701139
ETTC1HOF,NorthCoast,ETTC1,183585600,70.88240016,443.848214,1456.194973,2413.303511,2405.511298
EWSN2LLF,EastSierra,EWSN2,1538481600,594.0077458,1962.275328,6437.911388,261.804992,261.782528
EWSN2LUF,EastSierra,EWSN2,370392000,143.0083512,2659.229824,8724.507575,478.550726,482.249013
EXQC1LLF,SanJoaquin,EXQC1,1272793500,491.4255704,866.506456,2842.869041,885.672457,888.308384
EXQC1LMF,SanJoaquin,EXQC1,431466300,166.5891384,1942.043241,6371.533148,1135.885904,1135.605594
EXQC1LUF,SanJoaquin,EXQC1,145039500,55.99975095,2671.689651,8765.386273,1387.03139,1387.027849
FARC1LLF,EastSierra,FARC1,56347200,21.75565392,1759.197065,5771.644099,620.467415,618.490229
FARC1LUF,EastSierra,FARC1,199795200,77.14092672,2264.291855,7428.779291,964.349436,958.3026
FHDC1HOF,FeatherYuba,FHDC1,210864667.8,81.41484823,1948.406441,6392.409788,483.432848,481.891097
FMDC1HOF,American,FMDC1,122988600,47.48589846,1963.65996,6442.454142,1688.756566,1687.885031
FMWC1LOF,UpperSacramento,FMWC1,6944259825,2681.178718,82.082336,269.29901,550.360193,550.270844
FOCC1HOF,FeatherYuba,FOCC1,82068750,31.68674438,2229.302146,7313.983654,1800.310152,1804.604191
FOLC1LOF,American,FOLC1,1041868800,402.2655437,506.896482,1663.046255,947.671269,946.425895
FRAC1HLF,SanJoaquin,FRAC1,1075338900,415.1883493,864.987761,2837.886445,794.802739,795.400202
FRAC1HMF,SanJoaquin,FRAC1,1363050000,526.273605,2031.618531,6665.415341,1052.314594,1051.547063
FRAC1HUF,SanJoaquin,FRAC1,1780721100,687.5364167,3011.344173,9879.738418,1154.758126,1154.880345
FRGC1HOF,N_SanJoaquin,FRGC1,564511700.8,217.9579677,185.041173,607.090483,498.441845,498.15144
FRNC1LOF,NorthCoast,FRNC1,697497300,269.3037075,424.699228,1393.370214,1526.953155,1523.701737
FSNC1LOF,SouthernCalifornia,FSNC1,432064969.8,166.8202848,210.72919,691.368756,345.821156,345.448533
FTBC1HOF,NorthCoast,FTBC1,276477300,106.7478855,276.906221,908.485007,1292.364752,1292.946215
FTCN2LOF,EastSierra,FTCN2,1086241127,419.3976992,1637.250323,5371.556348,332.860344,333.679436
FTDC1LOF,NorthCoast,FTDC1,150399900,58.06940139,245.706113,806.122444,2170.984932,2172.111366
FTJC1HLF,Klamath,FTJC1,1246850000,481.408785,1134.967999,3723.648409,713.322047,709.778626
FTJC1HUF,Klamath,FTJC1,466330000,180.050013,1813.617032,5950.187302,1341.239399,1341.186382
FTSC1LLF,NorthCoast,FTSC1,2758948200,1065.2299,724.200236,2375.985104,1541.650547,1541.33107
FTSC1LUF,NorthCoast,FTSC1,20057400,7.74416214,1617.569405,5306.986405,1946.513214,1959.220686
GARC1LOF,SouthernCalifornia,GARC1,496736078.9,191.7898001,529.672357,1737.770255,481.532152,481.603248
GERO3HLF,Klamath,GERO3,175990000,67.949739,1496.098716,4908.460512,448.676975,449.005329
GERO3HUF,Klamath,GERO3,430500000,166.21605,1641.271406,5384.748879,522.137493,521.468306
GEYC1LOF,RussianNapa,GEYC1,177105271.1,68.38034517,253.859772,832.873293,1152.096005,1150.507478
GRCC1HOF,RussianNapa,GRCC1,214857860.1,82.95661978,357.677133,1173.481445,1497.110791,1494.40279
GRDN2LLF,EastSierra,GRDN2,126427200,48.81354192,1851.157192,6073.350563,568.148806,569.964892
GRDN2LUF,EastSierra,GRDN2,78486400,30.30359904,2338.431995,7672.021225,653.600544,653.701428
GSJC1LOF,CentralCoast,GSJC1,121857774.5,47.04928675,85.271097,279.760826,481.265079,479.965366
GSRC1HOF,RussianNapa,GSRC1,417952924.2,161.371624,311.265354,1021.211825,1474.995107,1474.626667
GUAC1HOF,CentralCoast,GUAC1,15432306.36,5.958413484,512.611953,1681.797799,1004.502609,1002.145833
GUDC1LOF,CentralCoast,GUDC1,102586377.2,39.60860022,184.671799,605.878625,592.576893,592.974502
GUEC1LOF,RussianNapa,GUEC1,465150270.4,179.5945194,147.370604,483.499371,1230.145339,1231.902317
GYRC1HLF,FeatherYuba,GYRC1,192296250,74.24558213,1262.28183,4141.344719,1690.384226,1690.335395
GYRC1HUF,FeatherYuba,GYRC1,455355000,175.8125655,1928.470673,6327.003722,1833.225066,1833.147154
HANC1LOF,SouthernCalifornia,HANC1,182584572.9,70.49590359,781.594199,2564.285512,629.56165,630.687762
HAPC1HLF,Klamath,HAPC1,269340000,103.992174,1050.251583,3445.707405,1696.830576,1700.622962
HAPC1HUF,Klamath,HAPC1,40120000,15.490332,1637.084021,5371.010739,2234.26118,2168.649699
HAWC1HOF,SouthernCalifornia,HAWC1,532216403.3,205.4887533,1186.877527,3893.955266,514.020746,513.968615
HCHC1HOF,CachePutah,HCHC1,247607216.2,95.60114619,560.877787,1840.150279,757.290751,756.685147
HCTC1HOF,FeatherYuba,HCTC1,79644375,30.75069319,500.841429,1643.180595,1157.777004,1151.268522
HEAC1LOF,RussianNapa,HEAC1,237180296.3,91.57531241,192.8581,632.736569,1045.267858,1044.751539
HETC1HLF,SanJoaquin,HETC1,34857000,13.4582877,1318.566047,4326.00423,1092.384754,1082.496591
HETC1HMF,SanJoaquin,HETC1,238178700,91.96079607,2097.002651,6879.930177,1252.152269,1252.345341
HETC1HUF,SanJoaquin,HETC1,906292800,349.9196501,2929.754704,9612.056425,1285.000773,1284.868714
HIDC1HOF,SanJoaquin,HIDC1,634848860.7,245.1151451,826.658892,2712.135558,761.092182,760.486185
HKCC1HOF,UpperSacramento,HKCC1,189976725,73.35001352,935.80984,3070.242355,1512.59231,1511.759441
HLEC1LLF,FeatherYuba,HLEC1,403098750,155.6364274,682.200349,2238.190193,1253.527163,1249.419202
HLEC1LUF,FeatherYuba,HLEC1,8977500,3.46621275,1639.667193,5379.485713,1711.5,1694.649236
HLLC1LLF,American,HLLC1,12629700,4.87632717,1440.013789,4724.454839,1604.344998,1598.6435
HLLC1LUF,American,HLLC1,199261800,76.93498098,2084.605871,6839.258326,1524.908527,1525.822964
HNEC1HOF,RussianNapa,HNEC1,134985356,52.11784597,353.671957,1160.341102,959.44986,959.034628
HOOC1LLF,Klamath,HOOC1,1546174547,596.9779925,896.472501,2941.182839,1569.483522,1568.955947
HOOC1LUF,Klamath,HOOC1,127724751.8,49.31452669,1690.073662,5544.861275,1832.161945,1836.657223
HOPC1LOF,RussianNapa,HOPC1,407163270.3,157.2057387,462.839642,1518.50281,1165.01036,1164.144615
HOSC1LOF,CentralCoast,HOSC1,388608345.1,150.0416821,412.381679,1352.958307,420.710746,422.226162
HOUC1HOF,CachePutah,HOUC1,155198924.6,59.9223048,910.536187,2987.323544,1157.732494,1154.749571
HOYN2LLF,EastSierra,HOYN2,673718400,260.1226742,1901.524348,6238.597141,385.39563,386.060807
HOYN2LUF,EastSierra,HOYN2,144748800,55.88751168,2672.125414,8766.815943,676.014077,673.212128
HPIC1HMF,SanJoaquin,HPIC1,123625800,47.73192138,2206.144901,7238.008438,1109.250568,1107.260385
HPIC1HUF,SanJoaquin,HPIC1,344061000,132.8419521,2938.197105,9639.754591,1262.675137,1261.429721
HRCN2LLF,Humboldt,HRCN2,1133602500,437.6839252,1760.225228,5775.017337,303.03791,303.029565
HRCN2LUF,Humboldt,HRCN2,41050000,15.849405,2250.718453,7384.247129,460.938065,456.312812
HREN2LLF,Humboldt,HREN2,3384530000,1306.767033,1774.18664,5820.822497,319.242098,319.084286
HREN2LUF,Humboldt,HREN2,479987500,185.3231737,2477.288065,8127.585776,708.795659,706.954833
HSAC1HOF,SouthernCalifornia,HSAC1,277921175.6,107.3053659,447.33148,1467.623013,549.952672,550.381119
HYMC1LLF,Klamath,HYMC1,1044030000,403.099983,1040.183417,3412.675363,1233.490494,1234.327437
HYMC1LUF,Klamath,HYMC1,50842721.58,19.6303748,1619.138153,5312.133217,1839.474878,1886.29689
ICHC1HOF,American,ICHC1,70698600,27.29672946,2145.700015,7039.698438,1280.243696,1275.059135
IIFC1LLF,FeatherYuba,IIFC1,410436000,158.4693396,1287.469103,4223.980133,915.526593,916.834713
IIFC1LUF,FeatherYuba,IIFC1,1337444100,516.387167,1825.022577,5987.607071,720.011556,718.031896
ILAC1HOF,EastSierra,ILAC1,21480799.38,8.293736641,2302.480011,7554.06852,1242.353228,1272.91442
INVC1LOF,CachePutah,INVC1,156684634.7,60.49593746,691.388269,2268.33429,910.61914,909.504997
IRGC1LLF,Klamath,IRGC1,1146450000,442.644345,1199.485247,3935.319177,578.614498,578.535092
IRGC1LUF,Klamath,IRGC1,282050000,108.899505,1711.447269,5614.984659,919.027045,917.140089
ISAC1LLF,Tulare,ISAC1,903686400,348.913319,1144.67344,3755.49041,346.436477,345.699553
ISAC1LMF,Tulare,ISAC1,855590400,330.3434534,1911.813218,6272.353278,543.615751,545.268836
ISAC1LUF,Tulare,ISAC1,49593600,19.14808896,2589.928494,8497.141001,802.762238,801.490607
JKRC1HOF,FeatherYuba,JKRC1,96660000,37.320426,2092.12491,6863.927091,1727.344871,1728.219442
JNSC1LLF,FeatherYuba,JNSC1,326705625,126.1410418,1045.923344,3431.507145,1590.227668,1590.16322
JNSC1LUF,FeatherYuba,JNSC1,112584375,43.46882719,1768.328306,5801.602239,1857.549716,1863.000303
KCVC1HOF,CachePutah,KCVC1,95048169.91,36.6980984,806.179654,2644.946455,1246.831824,1246.08178
KCYC1HOF,CentralCoast,KCYC1,603543600,233.028184,628.071254,2060.601292,462.492612,463.240114
KELO3LLF,Klamath,KELO3,602350000,232.567335,1391.88536,4566.553165,375.443016,375.20376
KELO3LUF,Klamath,KELO3,140310000,54.173691,1610.819127,5284.839823,475.823333,476.94881
KEOO3LLF,Klamath,KEOO3,165190000,63.779859,1286.500567,4220.802519,416.977599,413.919503
KEOO3LUF,Klamath,KEOO3,1680000,0.648648,1565.684612,5136.760703,623.016663,651.545013
KESC1LOF,UpperSacramento,KESC1,120260925,46.43274314,498.809358,1636.513693,1621.289943,1625.523183
KKVC1HLF,Tulare,KKVC1,76896000,29.6895456,1418.899034,4655.180708,629.238998,620.922454
KKVC1HMF,Tulare,KKVC1,796665600,307.5925882,2026.116997,6647.36569,861.840938,862.526879
KKVC1HUF,Tulare,KKVC1,1318406400,509.036711,3065.674934,10057.98895,789.067487,788.187216
KLAO3LLF,Klamath,KLAO3,1322500000,510.61725,1318.654288,4326.293733,594.799327,591.812375
KLAO3LUF,Klamath,KLAO3,691150000,266.853015,1797.012482,5895.710432,1341.013224,1336.931984
KLMC1LLF,Klamath,KLMC1,1957395910,755.7505607,705.874251,2315.860478,2296.969081,2295.76139
KLMC1LUF,Klamath,KLMC1,39086219.51,15.09118935,1663.933262,5459.098803,2547.543095,2422.345772
KNBC1HOF,SouthernCalifornia,KNBC1,145151470.9,56.0429829,1274.041922,4179.9277,633.668801,635.284328
KNFC1LOF,SanJoaquin,KNFC1,198535020.6,76.65437146,324.536191,1064.751317,632.107436,630.745017
KTRC1HLF,Tulare,KTRC1,380248200,146.81383,996.859241,3270.535673,762.019144,764.638802
KTRC1HMF,Tulare,KTRC1,402988500,155.5938598,1993.184855,6539.3206,1072.368477,1074.89323
KTRC1HUF,Tulare,KTRC1,302459400,116.7795743,2885.571692,9467.09903,1143.740231,1144.632774
LAMC1HOF,RussianNapa,LAMC1,271501770.1,104.8268334,484.201729,1588.588399,1117.802474,1118.211297
LBDC1HOF,SanJoaquin,LBDC1,406562128.6,156.9736378,463.012769,1519.070812,334.999625,333.45452
LBEC1LOF,CachePutah,LBEC1,1176312798,454.1743714,366.118631,1201.17665,885.046015,884.815618
LCLN2HOF,Humboldt,LCLN2,64777639.55,25.01064663,2730.171638,8957.256316,774.590605,780.085049
LEGC1HOF,NorthCoast,LEGC1,641950200,247.8569722,625.190391,2051.149644,1936.916119,1936.297942
LEWC1LLF,Klamath,LEWC1,65660000,25.351326,876.017926,2874.074653,957.861458,953.428101
LEXC1HOF,CentralCoast,LEXC1,97231686.74,37.54115425,546.560709,1793.178236,1129.245332,1128.688044
LGAC1LOF,SanJoaquin,LGAC1,590402321.8,227.9543365,409.768875,1344.386117,339.55223,337.584684
LGCC1HOF,SanJoaquin,LGCC1,247606529,95.60088083,803.394152,2635.807669,557.263963,557.235055
LHPN2HLF,Humboldt,LHPN2,2486605000,960.0781905,1683.997811,5524.927377,340.865761,340.81503
LHPN2HUF,Humboldt,LHPN2,92697500,35.79050475,2244.884348,7365.106363,556.687516,566.497555
LKMC1HOF,SouthernCalifornia,LKMC1,101751686.5,39.28632615,527.036443,1729.122244,262.331,261.264483
LKPC1LOF,SouthernCalifornia,LKPC1,329814562.3,127.3414025,845.186611,2772.922042,574.454549,573.58703
LLYC1HOF,SouthernCalifornia,LLYC1,717602291,277.0662445,933.778644,3063.578327,845.223343,845.663975
LNLC1HOF,American,LNLC1,20617200,7.96030092,2016.862646,6617.003644,1374.213334,1373.278183
LNRC1HLF,SanJoaquin,LNRC1,8076600,3.11837526,1444.411829,4738.884104,1261.938572,1265.878326
LNRC1HMF,SanJoaquin,LNRC1,142624800,55.06743528,2086.760988,6846.328919,1305.733994,1307.727038
LNRC1HUF,SanJoaquin,LNRC1,51455700,19.86704577,2699.866113,8857.828737,1560.776174,1563.317701
LRRC1LOF,CentralCoast,LRRC1,20695500,7.99053255,172.110024,564.665451,1215.941756,1214.80733
LRZC1HOF,CentralCoast,LRZC1,97934400,37.81247184,258.003892,846.469489,690.12168,690.127835
LSEC1LOF,RussianNapa,LSEC1,103779361.3,40.06921139,49.776338,163.308201,962.054908,955.052962
LTDC1HOF,SanJoaquin,LTDC1,182746073.6,70.558259,303.455628,995.589361,482.018716,481.155227
LVKC1HOF,CentralCoast,LVKC1,382141800,147.544949,712.604357,2337.940877,549.689482,550.009592
LWDC1HOF,CentralCoast,LWDC1,560902500,216.5644553,531.59647,1744.082963,621.497987,620.522144
LWON2HLF,EastSierra,LWON2,122779315.8,47.40509385,1607.067057,5272.529884,355.092449,354.351088
LWON2HUF,EastSierra,LWON2,87442486.45,33.76154402,2194.357997,7199.337491,775.493678,775.887274
MARN2HLF,Humboldt,MARN2,384215000,148.3454115,1820.937874,5974.205816,459.967997,460.475127
MARN2HUF,Humboldt,MARN2,70052500,27.04727025,2288.490204,7508.170201,578.516525,572.205222
MASN2LOF,EastSierra,MASN2,430871973.7,166.3596691,1641.052974,5384.032239,219.930685,218.883975
MAUC1HOF,NorthCoast,MAUC1,242469900,93.61762839,1127.993193,3700.765186,1800.549159,1799.410652
MBON2HLF,Humboldt,MBON2,72150000,27.857115,2011.735916,6600.183664,401.231261,400.190364
MBON2HUF,Humboldt,MBON2,112180000,43.312698,2417.769661,7932.315415,703.599942,709.367087
MBRC1LOF,SouthernCalifornia,MBRC1,2160807573,834.2878039,928.359154,3045.797847,185.352159,185.287405
MCNC1LOF,N_SanJoaquin,MCNC1,489897900,189.1495792,127.478216,418.23563,613.998686,612.621005
MDCN2HLF,Humboldt,MDCN2,548677500,211.8443828,1759.236424,5771.77323,432.900222,433.404274
MDCN2HUF,Humboldt,MDCN2,34565000,13.3455465,2283.819417,7492.846097,656.134341,660.097144
MDSC1LOF,SanJoaquin,MDSC1,259864241.6,100.3335837,85.391823,280.15691,366.999115,366.810753
MEEC1LOF,SanJoaquin,MEEC1,160468447.6,61.95686761,100.24636,328.892269,345.041085,344.74817
MFAC1LOF,American,MFAC1,75114353.43,29.00165186,1023.453457,3357.787038,1364.59,1363.33625
MFPC1LLF,American,MFPC1,31769325,12.26613638,1334.736964,4379.05842,1585.883125,1588.968124
MFPC1LUF,American,MFPC1,72390600,27.95001066,1777.82572,5832.761736,1686.561043,1690.280188
MFTC1LLF,FeatherYuba,MFTC1,416100143.2,160.6562653,1497.303272,4912.412465,512.613257,511.481576
MFTC1LUF,FeatherYuba,MFTC1,777412099.4,300.1588116,1824.527135,5985.981607,690.165337,691.062995
MHBC1LOF,N_SanJoaquin,MHBC1,578326500,223.2918617,523.24513,1716.683553,853.11105,853.849572
MHSN2LLF,Humboldt,MHSN2,699152500,269.9427803,1891.608315,6206.064223,308.021123,308.121228
MHSN2LUF,Humboldt,MHSN2,126717500,48.92562675,2293.211425,7523.65977,563.41598,562.335153
MLMC1HLF,UpperSacramento,MLMC1,227861325,87.97725758,882.960749,2896.852944,1208.970721,1208.03157
MLMC1HUF,UpperSacramento,MLMC1,112109625,43.28552621,1865.733804,6121.174093,1940.944394,1966.892355
MLPC1HLF,Tulare,MLPC1,315536400,121.828604,746.918209,2450.519135,681.919089,680.56976
MLPC1HUF,Tulare,MLPC1,12041100,4.64906871,1685.542529,5529.995352,964.397901,946.048239
MMCC1HLF,UpperSacramento,MMCC1,596332800,230.2440941,1265.603431,4152.242359,1393.03644,1390.197595
MMCC1HUF,UpperSacramento,MMCC1,284856750,109.9831912,1847.168178,6060.263245,1391.484201,1398.998468
MOSC1LOF,SanJoaquin,MOSC1,267259725.5,103.18898,110.254181,361.726328,313.734476,313.556234
MPAC1HOF,SanJoaquin,MPAC1,281720425.4,108.7722562,527.353292,1730.161773,638.095362,638.62131
MPTC1HOF,CentralCoast,MPTC1,87078600,33.62104746,814.814243,2673.27516,611.573548,611.679284
MRMC1LLF,FeatherYuba,MRMC1,478513125,184.7539176,1317.962616,4324.024468,1473.074754,1465.275113
MRMC1LUF,FeatherYuba,MRMC1,753345000,290.8665045,1776.27298,5827.667444,1466.054756,1471.698231
MRNC1LOF,NorthCoast,MRNC1,748640700,289.0501743,439.604796,1442.273,1791.02959,1792.945389
MRWC1LOF,N_SanJoaquin,MRWC1,81489001.34,31.46290342,36.835302,120.850732,479.578224,479.75951
MRYC1LOF,FeatherYuba,MRYC1,177631875,68.58366694,187.807053,616.164891,784.41876,783.910495
MSGC1LOF,N_SanJoaquin,MSGC1,274802535.9,106.1012591,152.264243,499.55462,525.678399,526.501108
MSSC1LLF,UpperSacramento,MSSC1,561663900,216.8584318,1021.563782,3351.587318,1700.464139,1702.19037
MSSC1LUF,UpperSacramento,MSSC1,71826525,27.7322213,1852.434124,6077.539971,1732.475569,1735.382125
MSYC1HLF,SouthernCalifornia,MSYC1,51382430.18,19.83875629,1343.153641,4406.672192,360.80247,359.279863
MSYC1HUF,SouthernCalifornia,MSYC1,41618003.03,16.06871097,2225.97057,7303.053285,571.981407,563.427871
MTOC1LOF,NorthCoast,MTOC1,451809900,174.4438024,398.728587,1308.164698,2528.558378,2524.92146
MTSC1HLF,EastSierra,MTSC1,18054400,6.97080384,1795.697231,5891.395302,634.787776,633.528924
MTSC1HUF,EastSierra,MTSC1,85252800,32.91610608,2083.847892,6836.771519,935.711692,939.899056
MUPC1HOF,CachePutah,MUPC1,128749696.4,49.71025778,827.06758,2713.4764,1131.921872,1128.166959
MUTC1HOF,SouthernCalifornia,MUTC1,530332155.3,204.7612452,517.527705,1697.925596,370.151959,370.975321
MVDC1LOF,SouthernCalifornia,MVDC1,10851248.03,4.189666863,1203.838629,3949.601929,347.805556,352.694
MVVC1LOF,SouthernCalifornia,MVVC1,485427269.5,187.4234687,988.402531,3242.79056,233.023909,233.628728
MWEC1LOF,RussianNapa,MWEC1,296395586.6,114.438336,152.689276,500.949083,938.970579,938.620498
MWXC1LOF,SouthernCalifornia,MWXC1,347248530.5,134.0726576,374.626571,1229.089839,301.345614,300.965236
NACC1LOF,CentralCoast,NACC1,422140500,162.9884471,422.449286,1385.988515,548.321926,548.877376
NBBC1LLF,FeatherYuba,NBBC1,456901875,176.4098139,1069.122621,3507.620259,1714.723293,1715.65545
NBBC1LUF,FeatherYuba,NBBC1,161926875,62.51996644,1733.940832,5688.782438,1893.035871,1894.462516
NBYC1HOF,CentralCoast,NBYC1,419982300,162.155166,546.224448,1792.075018,665.293622,667.187318
NCOC1LOF,FeatherYuba,NCOC1,614401875,237.2205639,32.355976,106.154782,575.000009,574.725222
NDPC1LLF,SanJoaquin,NDPC1,1566817200,604.9481209,870.341428,2855.450972,922.97547,922.946492
NDPC1LMF,SanJoaquin,NDPC1,666215100,257.2256501,1872.223074,6142.464351,1214.321393,1214.985706
NDPC1LUF,SanJoaquin,NDPC1,54263700,20.95121457,2570.157058,8432.274082,1436.508152,1430.578001
NDVC1HMF,SanJoaquin,NDVC1,56992500,22.00480425,2234.784666,7331.970925,1466.580337,1466.809645
NDVC1HUF,SanJoaquin,NDVC1,16480800,6.36323688,2540.368938,8334.544028,1607.622813,1599.447927
NFDC1HLF,American,NFDC1,542465100,209.4457751,965.592113,3167.953227,1425.782164,1424.089866
NFDC1HUF,American,NFDC1,344478600,133.0031875,1906.005688,6253.299701,1777.590678,1778.278255
NFEC1LLF,FeatherYuba,NFEC1,175623750,67.80832988,1195.665504,3922.787212,995.192205,992.648045
NFEC1LUF,FeatherYuba,NFEC1,72421875,27.96208594,1702.936926,5587.063584,1244.620362,1224.549378
NHGC1HOF,N_SanJoaquin,NHGC1,936135075.6,361.4417527,611.530466,2006.333613,878.124358,877.24859
NILC1LOF,CentralCoast,NILC1,107349300,41.44756473,254.551162,835.141636,551.13765,549.798889
NIMC1LOF,American,NIMC1,98596800,38.06822448,105.784432,347.061796,622.803975,622.457163
NIXN2LOF,EastSierra,NIXN2,237869975.1,91.8415974,1482.218114,4862.920477,204.080832,200.686261
NMFC1HLF,American,NMFC1,142638300,55.07264763,1203.672866,3949.058085,1530.763496,1533.82346
NMFC1HUF,American,NMFC1,87297300,33.70548753,1701.811198,5583.37025,1727.472351,1726.834543
NMSC1LLF,SanJoaquin,NMSC1,857176200,330.9557308,894.984628,2936.301367,1004.55455,1004.343954
NMSC1LMF,SanJoaquin,NMSC1,667941300,257.8921359,1976.659883,6485.10481,1342.407212,1341.798291
NMSC1LUF,SanJoaquin,NMSC1,389343600,150.325564,2721.773409,8929.703073,1539.417718,1539.457022
NRWC1LOF,SouthernCalifornia,NRWC1,841008543.3,324.7133986,342.345695,1123.18145,556.723359,557.109025
NSWC1HMF,SanJoaquin,NSWC1,74766600,28.86738426,2193.484487,7196.471643,1424.429493,1421.086818
NSWC1HUF,SanJoaquin,NSWC1,43137000,16.6551957,2612.769038,8572.077171,1552.949209,1552.89954
NVRC1HOF,RussianNapa,NVRC1,785999612.5,303.4744504,342.192389,1122.678478,1237.264493,1235.559224
NWMC1LOF,SanJoaquin,NWMC1,13485317113,5206.680937,132.901276,436.027823,284.075759,283.909517
OBBC1LOF,SanJoaquin,OBBC1,99747268.81,38.51242049,157.350193,516.240806,507.927436,509.049657
ONSC1LLF,Klamath,ONSC1,1544849452,596.4663734,896.094891,2939.943963,1882.922999,1876.627018
ONSC1LUF,Klamath,ONSC1,193642572.4,74.7653972,1697.33966,5568.69985,2389.730542,2455.027337
ORDC1LLF,FeatherYuba,ORDC1,1108518750,427.9990894,803.473387,2636.067628,1611.442489,1612.082503
ORDC1LUF,FeatherYuba,ORDC1,138903750,53.63073788,1659.366102,5444.114682,1987.068585,1987.072962
OREC1HOF,SanJoaquin,OREC1,349492485.4,134.9390486,473.078498,1552.09486,439.935009,441.271402
ORFC1LOF,UpperSacramento,ORFC1,1594242000,615.5368362,180.900398,593.505262,724.446228,725.548404
ORIC1LOF,NorthCoast,ORIC1,542014200,209.2716826,448.671811,1472.020426,2055.508216,2050.336475
OURC1LLF,FeatherYuba,OURC1,156442500,60.40244925,1212.60952,3978.377816,1609.437378,1608.31076
OURC1LUF,FeatherYuba,OURC1,121173750,46.78518488,1814.456938,5952.942901,1803.179046,1803.810392
OWCC1HOF,SanJoaquin,OWCC1,66029937.51,25.49415887,354.800271,1164.04292,489.535785,486.923471
PALN2LLF,Humboldt,PALN2,1725412500,666.1817663,1788.870742,5868.998685,306.763872,306.173589
PALN2LUF,Humboldt,PALN2,126602500,48.88122525,2244.681283,7364.440141,471.161212,471.344592
PATC1LOF,SanJoaquin,PATC1,782939173,302.2928147,65.659404,215.418,320.477694,320.356139
PCGC1HOF,CachePutah,PCGC1,293460217.7,113.30499,554.651606,1819.723176,1163.735307,1163.285734
PCNC1HLF,SouthernCalifornia,PCNC1,224598660.1,86.71754265,1139.616133,3738.898194,347.019971,346.816357
PCNC1HUF,SouthernCalifornia,PCNC1,16196728.64,6.253556928,1995.128215,6545.696454,565.557822,560.972496
PFTC1HLF,Tulare,PFTC1,859823100,331.9776989,898.441994,2947.644433,762.719703,762.027374
PFTC1HMF,Tulare,PFTC1,1030117500,397.7283667,2042.203904,6700.144258,1045.370578,1045.544402
PFTC1HUF,Tulare,PFTC1,2107625400,813.7541669,3051.768183,10012.36313,1072.159234,1072.192908
PHOC1HOF,CentralCoast,PHOC1,377398800,145.7136767,423.638187,1389.88911,513.30157,513.374719
PIIC1HOF,CentralCoast,PIIC1,645161400,249.0968165,829.988801,2723.060458,458.45494,457.731041
PITC1LLF,UpperSacramento,PITC1,2010630375,776.3043878,1846.989053,6059.675564,816.13321,813.194847
PITC1LUF,UpperSacramento,PITC1,7105096125,2743.277614,1291.332647,4236.655803,740.468647,739.930363
PLBC1HLF,NorthCoast,PLBC1,645832800,249.3560441,1018.309321,3340.909954,1323.026617,1324.68089
PLBC1HUF,NorthCoast,PLBC1,102449700,39.55582917,1691.828152,5550.617473,1541.385171,1528.042928
PLGC1LLF,FeatherYuba,PLGC1,592942500,228.9350992,1230.370551,4036.648918,1472.260819,1480.703869
PLGC1LUF,FeatherYuba,PLGC1,511835625,197.6197348,1758.438571,5769.155601,1775.855167,1766.203417
PLLC1HLF,FeatherYuba,PLLC1,295065000,113.9245965,1415.902844,4645.350685,926.806049,926.176994
PLLC1HUF,FeatherYuba,PLLC1,997441875,385.1123079,1784.03238,5853.124795,1194.441076,1193.777269
PLYC1HLF,UpperSacramento,PLYC1,130695525,50.4615422,1569.642463,5149.745779,389.842573,388.8326
PLYC1HUF,UpperSacramento,PLYC1,506833875,195.6885591,2010.726353,6596.871449,597.767058,596.066739
PNEC1HOF,SanJoaquin,PNEC1,782827095.9,302.2495417,633.172256,2077.336863,336.462892,335.656446
POHC1LLF,SanJoaquin,POHC1,23444100,9.05176701,1289.186303,4229.613989,1032.09611,1027.817878
POHC1LMF,SanJoaquin,POHC1,178257600,68.82525936,2204.353396,7232.130795,1143.172664,1140.754544
POHC1LUF,SanJoaquin,POHC1,164279700,63.42839217,2681.092256,8796.234716,1358.67419,1353.735784
PRBC1HOF,CentralCoast,PRBC1,1007807400,389.1144371,461.903243,1515.430635,617.003054,617.57846
PSRC1HLF,EastSierra,PSRC1,32928000,12.7135008,1782.619362,5848.488907,660.190407,664.999999
PSRC1HUF,EastSierra,PSRC1,105793600,40.84690896,2087.149869,6847.604776,1088.045837,1082.408609
PTTC1HOF,SanJoaquin,PTTC1,188224453.6,72.67346153,557.58369,1829.342873,431.369183,430.062398
PYMC1HOF,SouthernCalifornia,PYMC1,752922487.9,290.7033726,1494.926311,4904.614037,534.781854,534.473211
RADC1HOF,NorthCoast,RADC1,69724800,26.92074528,1059.678374,3476.635197,1656.329329,1658.628624
RBBC1HOF,American,RBBC1,81869204.79,31.60969997,2372.871474,7785.011646,1462.537,1453.097852
RCVC1HOF,UpperSacramento,RCVC1,271912725,104.9855031,175.036178,574.265694,879.001405,875.2957
RDGC1LOF,UpperSacramento,RDGC1,73228950,28.27369759,553.41152,1815.65465,1490.770694,1499.348675
RDRC1HOF,CentralCoast,RDRC1,500259600,193.1502316,695.008076,2280.210298,750.842201,749.184689
RIPC1LOF,SanJoaquin,RIPC1,154752729.2,59.75002875,47.138458,154.65374,369.289212,369.025
RMKC1HOF,RussianNapa,RMKC1,114269595.6,44.11949084,407.766323,1337.816062,1176.899096,1181.578467
RMSC1LOF,CachePutah,RMSC1,569061689.7,219.7147184,577.610738,1895.048413,835.074025,837.481257
ROCN2HLF,Humboldt,ROCN2,2150250000,830.211525,1731.672253,5681.339593,300.956434,301.204715
ROCN2HUF,Humboldt,ROCN2,85252500,32.91599025,2260.539791,7416.469367,539.603574,545.960783
ROLC1HLF,FeatherYuba,ROLC1,250537500,96.73252875,1020.431661,3347.873009,1559.844724,1560.096202
ROLC1HUF,FeatherYuba,ROLC1,13252500,5.11679025,1597.038574,5239.628035,1775.484214,1772.788574
RRGC1LOF,American,RRGC1,104184000,40.2254424,1891.443026,6205.521938,1517.33709,1513.961962
RUFC1LLF,American,RUFC1,269890200,104.2046062,1224.986005,4018.983085,1433.720189,1429.24087
RUFC1LUF,American,RUFC1,127597500,49.26539475,1691.469827,5549.441868,1598.866121,1599.936933
RVBC1LOF,LowerSacramento,RVBC1,3260899131,1259.033154,45.458485,149.142017,522.880239,522.801977
SACC1LOF,LowerSacramento,SACC1,1671496831,645.3649265,77.572049,254.501482,586.263962,585.957194
SAMC1LOF,LowerSacramento,SAMC1,113093574.9,43.66542926,42.424517,139.188052,561.058756,560.817769
SBRC1HLF,Klamath,SBRC1,1309250000,505.501425,1055.384989,3462.549288,1390.611906,1386.63938
SBRC1HUF,Klamath,SBRC1,634720000,245.065392,1798.345929,5900.085259,1651.80477,1649.319552
SCBC1HLF,FeatherYuba,SCBC1,301168125,116.2810131,1280.997381,4202.747446,1104.231123,1104.529738
SCBC1HUF,FeatherYuba,SCBC1,175123125,67.61503856,1781.481621,5844.756163,1320.354013,1322.08687
SCNO3HLF,Klamath,SCNO3,271770000,104.930397,1472.019901,4829.461772,468.562565,468.061456
SCNO3HUF,Klamath,SCNO3,1167660000,450.833526,1731.720224,5681.496981,686.445482,687.980393
SCOC1LOF,NorthCoast,SCOC1,1217608200,470.118526,467.739657,1534.578977,1667.473735,1665.09476
SCPC1LOF,SouthernCalifornia,SCPC1,1317534137,508.6999301,766.952708,2516.249124,446.01001,445.775207
SCRN2LLF,EastSierra,SCRN2,62323249.94,24.0630068,1638.548071,5375.814052,378.747938,374.631276
SCRN2LUF,EastSierra,SCRN2,38857998.7,15.0030733,2361.62219,7748.104544,1017.149489,1008.294508
SCSC1LLF,Tulare,SCSC1,500598900,193.2812353,715.104495,2346.143432,559.179796,560.536973
SCSC1LMF,Tulare,SCSC1,219860100,84.88798461,1922.289245,6306.723445,1034.896647,1035.879771
SCSC1LUF,Tulare,SCSC1,41698800,16.09990668,2632.948356,8638.282283,1216.198975,1218.501166
SCWN2LLF,EastSierra,SCWN2,219742400,84.84254064,1493.987256,4901.533149,293.409311,291.372253
SCWN2LUF,EastSierra,SCWN2,92235200,35.61201072,2236.61492,7337.975693,755.334207,749.64674
SDDC1LOF,CentralCoast,SDDC1,2074805100,801.0822491,339.919897,1115.222796,376.251674,376.421062
SEIC1LLF,Klamath,SEIC1,1856170000,716.667237,1025.603366,3364.840547,747.189262,743.87053
SEIC1LUF,Klamath,SEIC1,387590000,149.648499,1755.955829,5761.010123,1397.659852,1413.183678
SESC1HOF,SouthernCalifornia,SESC1,656762533.1,253.576014,1242.022493,4074.877074,830.207888,832.373028
SFCC1HOF,CentralCoast,SFCC1,97536600,37.65888126,288.247975,945.695485,789.261744,791.858028
SFYC1HLF,Klamath,SFYC1,795099780.7,306.9880253,1133.417776,3718.562376,1583.128297,1581.518
SFYC1HUF,Klamath,SFYC1,89837788.84,34.68637027,1691.632361,5549.975114,1908.339099,1917.365513
SGEC1LLF,UpperSacramento,SGEC1,453883500,175.2444194,686.78513,2253.232126,824.072856,825.186883
SGEC1LUF,UpperSacramento,SGEC1,65050650,25.11605596,1737.18782,5699.435289,1511.4579,1507.695728
SGNC1HOF,EastSierra,SGNC1,27668622.42,10.68285512,2162.153206,7093.678725,989.473414,988.500002
SHDC1LOF,UpperSacramento,SHDC1,1143120150,441.3586899,624.945367,2050.345758,1779.200387,1778.840184
SHEC1HOF,RussianNapa,SHEC1,204369572.9,78.90709208,311.583536,1022.255729,1061.325171,1057.267076
SHRC1LOF,SouthernCalifornia,SHRC1,434599729.6,167.7989556,675.779396,2217.124073,504.578331,502.887591
SKPC1HOF,CachePutah,SKPC1,144735081.6,55.88221501,706.948261,2319.384132,1116.131593,1116.911529
SKRC1HLF,Tulare,SKRC1,32601600,12.58747776,1294.780298,4247.966992,371.5284,370.916809
SKRC1HMF,Tulare,SKRC1,730137600,281.9061274,2113.098865,6932.739281,500.473107,499.827812
SKRC1HUF,Tulare,SKRC1,607968000,234.7364448,2704.65078,8873.526464,553.737847,554.620761
SLOC1LOF,SouthernCalifornia,SLOC1,472854763.6,182.5692242,230.181428,755.188438,379.19723,379.947219
SLUC1HOF,SouthernCalifornia,SLUC1,121529484.4,46.92253392,279.59482,917.305869,581.00335,582.370293
SMHC1LOF,SouthernCalifornia,SMHC1,118628501.1,45.80246428,465.741478,1528.023271,403.664208,405.673195
SNRC1LOF,CentralCoast,SNRC1,276317100,106.6860323,353.82815,1160.853547,414.636218,414.802177
SOLC1HOF,CentralCoast,SOLC1,625548600,241.5243145,759.016305,2490.211054,792.10312,791.210746
SOSC1HLF,N_SanJoaquin,SOSC1,171684900,66.28753989,1113.432653,3652.994384,1197.078674,1197.460659
SOSC1HUF,N_SanJoaquin,SOSC1,105716700,40.81721787,1788.480909,5867.719705,1360.127927,1361.843647
SPRC1LOF,CentralCoast,SPRC1,284572800,109.8735581,265.667425,871.612315,411.317763,410.733648
SREC1LLF,SouthernCalifornia,SREC1,533565760.3,206.00974,866.445844,2842.670183,502.495724,504.181941
SREC1LUF,SouthernCalifornia,SREC1,32468410.06,12.53605312,2793.352542,9164.542753,1011.486152,1028.598567
SRWC1HLF,SouthernCalifornia,SRWC1,443226390.2,171.1297092,1940.776469,6367.37707,645.505454,647.015644
SRWC1HUF,SouthernCalifornia,SRWC1,98291216.97,37.95023887,2684.577644,8807.669717,878.013923,874.090685
SSAC1HOF,RussianNapa,SSAC1,146077402,56.40048492,261.170412,856.858335,953.673374,955.448445
SSQC1HOF,SouthernCalifornia,SSQC1,728324747.9,281.2061852,993.961276,3261.027911,646.419279,646.088288
STPC1LLF,EastSierra,STPC1,20443200,7.89311952,1816.178194,5958.590067,669.331179,659.437098
STPC1LUF,EastSierra,STPC1,282489600,109.0692346,2086.240783,6844.62221,1028.561171,1026.306223
STVC1LOF,SanJoaquin,STVC1,419410900.8,161.9345488,93.389365,306.395565,365.373018,364.051245
STWN2LLF,EastSierra,STWN2,991454400,382.8005438,1666.660499,5468.046431,406.301492,406.131498
STWN2LUF,EastSierra,STWN2,211014400,81.47265984,2411.307394,7911.113752,723.173079,720.588314
SUAC1LOF,FeatherYuba,SUAC1,222277500,85.82134275,2016.78036,6616.733676,1791.037372,1790.638769
SUSC1HLF,EastSierra,SUSC1,372131200,143.6798563,1684.033726,5525.045208,733.516627,733.230963
SUSC1HUF,EastSierra,SUSC1,122595200,47.33400672,1970.784829,6465.829697,929.862314,925.130373
SVCC1LLF,American,SVCC1,77004900,29.73159189,1402.24342,4600.536302,1374.229105,1372.079307
SVCC1LUF,American,SVCC1,78085800,30.14892738,1656.595301,5435.024127,1466.587795,1466.604272
SVIC1HOF,SouthernCalifornia,SVIC1,192457540.5,74.3078564,498.637511,1635.949891,436.903036,436.611875
SVWC1HOF,SouthernCalifornia,SVWC1,87835515.54,33.91329255,1333.153,4373.861688,770.070595,767.049342
TAHC1HOF,EastSierra,TAHC1,1319245876,509.3608326,2124.354769,6969.6681,876.706254,878.998827
TBDN2LOF,EastSierra,TBDN2,868760392.2,335.4283874,1646.283732,5401.193519,320.449404,319.933955
TCCC1HLF,Klamath,TCCC1,141239250,54.53247442,1244.016173,4081.41802,1487.484405,1487.590448
TCCC1HUF,Klamath,TCCC1,241919325,93.40505138,1851.353215,6073.993683,1579.233756,1579.596641
TCRC1HLF,UpperSacramento,TCRC1,342282375,132.155225,1009.180557,3310.959938,926.301578,926.230883
TCRC1HUF,UpperSacramento,TCRC1,183896550,71.00245796,1751.854475,5747.554234,1399.165818,1401.243981
TEHC1LLF,UpperSacramento,TEHC1,2042806950,788.7277634,366.366314,1201.989259,772.6005,773.614231
TEHC1LUF,UpperSacramento,TEHC1,51248700,19.78712307,1731.879858,5682.020713,1621.23536,1629.596109
TEKC1HOF,SouthernCalifornia,TEKC1,340600926.9,131.5060179,1119.897625,3674.204924,457.018215,457.200064
TESC1HOF,CentralCoast,TESC1,539974800,208.4842703,657.550868,2157.319189,436.291809,436.610842
THTC1LOF,N_SanJoaquin,THTC1,1624058740,627.0490793,210.825077,691.683344,614.608918,614.910803
TIMC1HOF,SouthernCalifornia,TIMC1,313224070,120.9358134,883.034839,2897.096023,425.971388,425.240314
TMDC1LLF,Tulare,TMDC1,262409400,101.3162693,746.922962,2450.53473,679.399608,678.512544
TMDC1LMF,Tulare,TMDC1,53349300,20.59816473,1888.675992,6196.44374,999.959636,995.788441
TMDC1LUF,Tulare,TMDC1,49963500,19.29090735,2761.263843,9059.264867,1024.594305,1031.637705
TRCC1LOF,EastSierra,TRCC1,120204845.7,46.41109094,2130.543774,6989.973235,1286.500535,1289.889096
TRJC1LLF,Klamath,TRJC1,833800000,321.93018,940.396592,3085.290754,1072.322934,1071.231244
TRJC1LUF,Klamath,TRJC1,49480000,19.104228,1721.723842,5648.70045,1641.595734,1645.86961
TRRN2LLF,EastSierra,TRRN2,187763200,72.49537152,1581.60058,5188.978447,367.991551,368.162847
TRRN2LUF,EastSierra,TRRN2,164979200,63.69846912,2151.042611,7057.226639,700.556951,706.484327
TSLC1HOF,SouthernCalifornia,TSLC1,531154545.7,205.0787701,483.787633,1587.229819,314.811899,314.312607
TVRC1HLF,Tulare,TVRC1,156964500,60.60399345,1033.008447,3389.135434,659.008179,661.123032
TVRC1HMF,Tulare,TVRC1,85923900,33.17521779,1858.303948,6096.797924,953.68567,965.728226
TVRC1HUF,Tulare,TVRC1,4986000,1.9250946,2560.905781,8401.922122,1210.240008,1227.247998
TWDC1LOF,SouthernCalifornia,TWDC1,331791499.1,128.1046978,503.185976,1650.872676,521.905145,521.395263
UKAC1HOF,RussianNapa,UKAC1,260052205.4,100.4061565,447.080003,1466.797958,1197.044791,1199.198317
UNVC1HLF,American,UNVC1,25203600,9.73110996,1491.838853,4894.484584,1422.23536,1417.848708
UNVC1HUF,American,UNVC1,191685600,74.00981016,1965.321025,6447.903833,1344.49515,1345.448561
VCAC1LOF,SouthernCalifornia,VCAC1,700579146.4,270.4936084,446.828439,1465.972614,580.802161,578.877951
VISN2LOF,EastSierra,VISN2,70857600,27.35811936,1414.484827,4640.698399,223.55823,222.904722
VLKC1LOF,SouthernCalifornia,VLKC1,482643580.7,186.3486865,1006.46321,3302.044756,373.258733,372.980045
VNSC1LOF,SanJoaquin,VNSC1,1477825847,570.5885595,104.061668,341.409683,330.47029,330.761875
VRVC1HOF,SouthernCalifornia,VRVC1,485798423.4,187.5667713,702.262355,2304.010426,801.438448,798.219809
VWBC1LOF,UpperSacramento,VWBC1,711795150,274.8241074,222.786924,730.928251,699.973492,700.308109
WADN2LOF,EastSierra,WADN2,130189001.4,50.26597343,1474.160464,4836.484617,196.918502,193.853367
WALN2LOF,EastSierra,WALN2,900736499.1,347.7743623,1480.112458,4856.012155,154.506984,154.815461
WARC1HOF,SanJoaquin,WARC1,211581405.8,81.69158076,681.30383,2235.248859,534.546575,534.032114
WBGC1HLF,FeatherYuba,WBGC1,162112500,62.59163625,1149.333259,3770.778529,1866.173269,1864.368948
WBGC1HUF,FeatherYuba,WBGC1,117911250,45.52553363,1752.028784,5748.126114,2003.855412,2004.165394
WFMC1LOF,SouthernCalifornia,WFMC1,96131638.8,37.11642574,1194.370952,3918.539995,529.835818,519.007986
WHSC1HOF,UpperSacramento,WHSC1,517218075,199.6978988,899.598658,2951.439263,1494.82927,1493.726215
WHWC1LLF,SouthernCalifornia,WHWC1,1013145930,391.1756434,432.465132,1418.848902,135.624161,135.736629
WHWC1LUF,SouthernCalifornia,WHWC1,10048517.45,3.879732588,1994.503495,6543.646846,449.604446,461.158335
WIPC1HLF,SouthernCalifornia,WIPC1,558061515.1,215.467551,997.084717,3271.275423,420.76778,420.71486
WIPC1HUF,SouthernCalifornia,WIPC1,122641748,47.35197891,2311.173327,7582.589899,788.2418,789.067932
WKAO3HLF,Klamath,WKAO3,1940220000,749.118942,1428.072617,4685.277764,630.376271,630.231064
WKAO3HUF,Klamath,WKAO3,1427370000,551.107557,1718.86186,5639.310746,900.450717,903.487952
WMSO3LLF,Klamath,WMSO3,198600000,76.67946,1382.893124,4537.051077,584.711041,584.859131
WMSO3LUF,Klamath,WMSO3,27690000,10.691109,1625.450654,5332.843522,801.123027,799.434226
WOOC1HOF,EastSierra,WOOC1,169839370.5,65.57498097,2457.806362,8063.669425,1086.43894,1090.111962
WSDC1HOF,RussianNapa,WSDC1,337235632.1,130.2066776,357.338556,1172.370628,1380.4441,1381.481578
WTIC1LOF,SouthernCalifornia,WTIC1,666698055.1,257.4121191,440.340713,1444.687426,135.874131,135.912778
WWBC1HLF,EastSierra,WWBC1,119147200,46.00273392,2248.788885,7377.916524,710.009729,711.676186
WWBC1HUF,EastSierra,WWBC1,347758400,134.2695182,2849.653335,9349.256648,1098.095027,1099.987465
WWHN2LLF,EastSierra,WWHN2,1118678400,431.9217302,1774.370073,5821.424309,282.275117,280.99681
WWHN2LUF,EastSierra,WWHN2,146560000,56.586816,2680.625215,8794.702429,627.859643,633.004145
WWIC1LLF,SouthernCalifornia,WWIC1,1033997927,399.2265995,662.926163,2174.954672,186.948342,186.53562
WWIC1LUF,SouthernCalifornia,WWIC1,69243201.8,26.73480022,2259.003086,7411.427686,533.075728,534.104333
YDRC1LOF,SouthernCalifornia,YDRC1,341923364.7,132.0166111,323.240928,1060.501768,454.056984,454.271322
YOLC1LOF,CachePutah,YOLC1,452473735.2,174.7001091,228.613762,750.045175,605.775234,605.0163
YREC1HLF,Klamath,YREC1,1536320000,593.173152,1005.802335,3299.876533,607.567508,608.443703
YREC1HUF,Klamath,YREC1,445630000,172.057743,1922.805691,6308.417823,1055.571557,1053.054109
YTLC1LOF,SouthernCalifornia,YTLC1,292661244.9,112.9965067,1137.793563,3732.918633,799.053528,798.001898
YUBC1LOF,FeatherYuba,YUBC1,808779375,312.2697167,117.92402,386.889842,743.807327,742.966222
