<?xml version="1.0" encoding="UTF-8"?>
<metadata xml:lang="en"><Esri><CreaDate>20190712</CreaDate><CreaTime>14121800</CreaTime><ArcGISFormat>1.0</ArcGISFormat><SyncOnce>FALSE</SyncOnce><DataProperties><lineage><Process ToolSource="c:\program files\arcgis\desktop10.3\ArcToolbox\Toolboxes\Conversion Tools.tbx\RasterToPolygon" Date="20181228" Time="095543">RasterToPolygon RussianNapa_watershed2 C:\GIS\IHABBS_CAP_SNOW17_V2\CNRFC_Basins\RussianNapa.gdb\RussianNapa_poly SIMPLIFY Value</Process><Process ToolSource="c:\program files\arcgis\desktop10.3\ArcToolbox\Toolboxes\Data Management Tools.tbx\Merge" Date="20190102" Time="125624">Merge RussianNapa_poly;cnrfc_12242018_zones_Merge C:\GIS\IHABBS_CAP_SNOW17_V2\CNRFC_Basins\All_Zones.gdb\cnrfc_01022019_zones "Id "Id" true true false 4 Long 0 0 ,First,#,RussianNapa_poly,Id,-1,-1,cnrfc_12242018_zones_Merge,Id,-1,-1;gridcode "gridcode" true true false 4 Long 0 0 ,First,#,RussianNapa_poly,gridcode,-1,-1,cnrfc_12242018_zones_Merge,gridcode,-1,-1;Shape_Length "Shape_Length" false true true 8 Double 0 0 ,First,#,RussianNapa_poly,Shape_Length,-1,-1,cnrfc_12242018_zones_Merge,Shape_Length,-1,-1;Shape_Area "Shape_Area" false true true 8 Double 0 0 ,First,#,RussianNapa_poly,Shape_Area,-1,-1,cnrfc_12242018_zones_Merge,Shape_Area,-1,-1;Name "Name" true true false 12 Text 0 0 ,First,#,RussianNapa_poly,Name,-1,-1,cnrfc_12242018_zones_Merge,Name,-1,-1;ForecastGroup "ForecastGroup" true true false 25 Text 0 0 ,First,#,cnrfc_12242018_zones_Merge,ForecastGroup,-1,-1"</Process><Process ToolSource="c:\program files (x86)\arcgis\desktop10.6\ArcToolbox\Toolboxes\Data Management Tools.tbx\Merge" Date="20190711" Time="142916">Merge cnrfc_07112019_zones_a;New\russian\russian_newfor2019;New\SanJoaquin\LBDC1;New\SanJoaquin\NWMC1;New\trinity\tccc1_zones_new;New\trinity\cegc1_zones_new;New\american\mfac1_zones;New\american\mfpc1_zones C:\Users\david.oconnor\Documents\GISdata\Basin_delineation_2019\master.gdb\cnrfc_07122019_zones "Name "Name" true true false 12 Text 0 0 ,First,#,cnrfc_07112019_zones_a,Name,-1,-1,New\russian\russian_newfor2019,Name,-1,-1,New\SanJoaquin\LBDC1,Name,-1,-1,New\SanJoaquin\NWMC1,Name,-1,-1,New\trinity\tccc1_zones_new,Name,-1,-1,New\trinity\cegc1_zones_new,Name,-1,-1,New\american\mfac1_zones,Name,-1,-1,New\american\mfpc1_zones,Name,-1,-1;ForecastGroup "ForecastGroup" true true false 25 Text 0 0 ,First,#,cnrfc_07112019_zones_a,ForecastGroup,-1,-1,New\russian\russian_newfor2019,ForecastGroup,-1,-1,New\SanJoaquin\LBDC1,ForecastGroup,-1,-1,New\SanJoaquin\NWMC1,ForecastGroup,-1,-1,New\trinity\tccc1_zones_new,ForecastGroup,-1,-1,New\trinity\cegc1_zones_new,ForecastGroup,-1,-1,New\american\mfac1_zones,ForecastGroup,-1,-1,New\american\mfpc1_zones,ForecastGroup,-1,-1;Shape_Length "Shape_Length" false true true 8 Double 0 0 ,First,#,cnrfc_07112019_zones_a,Shape_Length,-1,-1,New\russian\russian_newfor2019,Shape_Length,-1,-1,New\SanJoaquin\LBDC1,Shape_Length,-1,-1,New\SanJoaquin\NWMC1,Shape_Length,-1,-1,New\trinity\tccc1_zones_new,Shape_Length,-1,-1,New\trinity\cegc1_zones_new,Shape_Length,-1,-1,New\american\mfac1_zones,Shape_Length,-1,-1,New\american\mfpc1_zones,Shape_Length,-1,-1;Shape_Area "Shape_Area" false true true 8 Double 0 0 ,First,#,cnrfc_07112019_zones_a,Shape_Area,-1,-1,New\russian\russian_newfor2019,Shape_Area,-1,-1,New\SanJoaquin\LBDC1,Shape_Area,-1,-1,New\SanJoaquin\NWMC1,Shape_Area,-1,-1,New\trinity\tccc1_zones_new,Shape_Area,-1,-1,New\trinity\cegc1_zones_new,Shape_Area,-1,-1,New\american\mfac1_zones,Shape_Area,-1,-1,New\american\mfpc1_zones,Shape_Area,-1,-1"</Process><Process ToolSource="c:\program files (x86)\arcgis\desktop10.6\ArcToolbox\Toolboxes\Data Management Tools.tbx\CalculateField" Date="20190712" Time="071001">CalculateField zones\cnrfc_07122019_zones Basin !Name![:-3] PYTHON_9.3 #</Process><Process ToolSource="c:\program files (x86)\arcgis\desktop10.6\ArcToolbox\Toolboxes\Data Management Tools.tbx\CalculateField" Date="20190712" Time="071046">CalculateField zones\cnrfc_07122019_zones Basin !Name![:-3] PYTHON_9.3 #</Process><Process ToolSource="c:\program files (x86)\arcgis\desktop10.6\ArcToolbox\Toolboxes\Data Management Tools.tbx\Dissolve" Date="20190712" Time="111404">Dissolve cnrfc_zones_07122019 C:\Users\david.oconnor\Documents\GISdata\Basin_delineation_2019\master.gdb\cnrfc_basins_07122019 ForecastGroup;Basin # MULTI_PART DISSOLVE_LINES</Process></lineage><itemProps><itemName Sync="TRUE">cnrfc_basins_07122019</itemName><imsContentType Sync="TRUE">002</imsContentType><itemLocation><linkage Sync="TRUE">file://\\RSA-WWA-HYDRO6\C$\Users\david.oconnor\Documents\GISdata\Basin_delineation_2019\master.gdb</linkage><protocol Sync="TRUE">Local Area Network</protocol></itemLocation></itemProps><coordRef><type Sync="TRUE">Projected</type><geogcsn Sync="TRUE">GCS_North_American_1983</geogcsn><csUnits Sync="TRUE">Linear Unit: Meter (1.000000)</csUnits><projcsn Sync="TRUE">NAD_1983_Albers</projcsn><peXml Sync="TRUE">&lt;ProjectedCoordinateSystem xsi:type='typens:ProjectedCoordinateSystem' xmlns:xsi='http://www.w3.org/2001/XMLSchema-instance' xmlns:xs='http://www.w3.org/2001/XMLSchema' xmlns:typens='http://www.esri.com/schemas/ArcGIS/10.6'&gt;&lt;WKT&gt;PROJCS[&amp;quot;NAD_1983_Albers&amp;quot;,GEOGCS[&amp;quot;GCS_North_American_1983&amp;quot;,DATUM[&amp;quot;D_North_American_1983&amp;quot;,SPHEROID[&amp;quot;GRS_1980&amp;quot;,6378137.0,298.257222101]],PRIMEM[&amp;quot;Greenwich&amp;quot;,0.0],UNIT[&amp;quot;Degree&amp;quot;,0.0174532925199433]],PROJECTION[&amp;quot;Albers&amp;quot;],PARAMETER[&amp;quot;False_Easting&amp;quot;,0.0],PARAMETER[&amp;quot;False_Northing&amp;quot;,0.0],PARAMETER[&amp;quot;Central_Meridian&amp;quot;,-96.0],PARAMETER[&amp;quot;Standard_Parallel_1&amp;quot;,29.5],PARAMETER[&amp;quot;Standard_Parallel_2&amp;quot;,45.5],PARAMETER[&amp;quot;Latitude_Of_Origin&amp;quot;,23.0],UNIT[&amp;quot;Meter&amp;quot;,1.0]]&lt;/WKT&gt;&lt;XOrigin&gt;-16901100&lt;/XOrigin&gt;&lt;YOrigin&gt;-6972200&lt;/YOrigin&gt;&lt;XYScale&gt;266467840.99085236&lt;/XYScale&gt;&lt;ZOrigin&gt;-100000&lt;/ZOrigin&gt;&lt;ZScale&gt;10000&lt;/ZScale&gt;&lt;MOrigin&gt;-100000&lt;/MOrigin&gt;&lt;MScale&gt;10000&lt;/MScale&gt;&lt;XYTolerance&gt;0.001&lt;/XYTolerance&gt;&lt;ZTolerance&gt;0.001&lt;/ZTolerance&gt;&lt;MTolerance&gt;0.001&lt;/MTolerance&gt;&lt;HighPrecision&gt;true&lt;/HighPrecision&gt;&lt;/ProjectedCoordinateSystem&gt;</peXml></coordRef></DataProperties><SyncDate>20190712</SyncDate><SyncTime>11135500</SyncTime><ModDate>20190712</ModDate><ModTime>11135500</ModTime></Esri><dataIdInfo><envirDesc Sync="TRUE"> Version 6.2 (Build 9200) ; Esri ArcGIS 10.6.1.9270</envirDesc><dataLang><languageCode value="eng" Sync="TRUE"></languageCode><countryCode value="USA" Sync="TRUE"></countryCode></dataLang><idCitation><resTitle Sync="TRUE">cnrfc_basins_07122019</resTitle><presForm><PresFormCd value="005" Sync="TRUE"></PresFormCd></presForm></idCitation><spatRpType><SpatRepTypCd value="001" Sync="TRUE"></SpatRepTypCd></spatRpType></dataIdInfo><mdLang><languageCode value="eng" Sync="TRUE"></languageCode><countryCode value="USA" Sync="TRUE"></countryCode></mdLang><distInfo><distFormat><formatName Sync="TRUE">File Geodatabase Feature Class</formatName></distFormat></distInfo><mdHrLv><ScopeCd value="005" Sync="TRUE"></ScopeCd></mdHrLv><mdHrLvName Sync="TRUE">dataset</mdHrLvName><refSysInfo><RefSystem><refSysID><identCode code="0" Sync="TRUE"></identCode></refSysID></RefSystem></refSysInfo><spatRepInfo><VectSpatRep><geometObjs Name="cnrfc_basins_07122019"><geoObjTyp><GeoObjTypCd value="002" Sync="TRUE"></GeoObjTypCd></geoObjTyp><geoObjCnt Sync="TRUE">0</geoObjCnt></geometObjs><topLvl><TopoLevCd value="001" Sync="TRUE"></TopoLevCd></topLvl></VectSpatRep></spatRepInfo><spdoinfo><ptvctinf><esriterm Name="cnrfc_basins_07122019"><efeatyp Sync="TRUE">Simple</efeatyp><efeageom code="4" Sync="TRUE"></efeageom><esritopo Sync="TRUE">FALSE</esritopo><efeacnt Sync="TRUE">0</efeacnt><spindex Sync="TRUE">TRUE</spindex><linrefer Sync="TRUE">FALSE</linrefer></esriterm></ptvctinf></spdoinfo><eainfo><detailed Name="cnrfc_basins_07122019"><enttyp><enttypl Sync="TRUE">cnrfc_basins_07122019</enttypl><enttypt Sync="TRUE">Feature Class</enttypt><enttypc Sync="TRUE">0</enttypc></enttyp><attr><attrlabl Sync="TRUE">OBJECTID</attrlabl><attalias Sync="TRUE">OBJECTID</attalias><attrtype Sync="TRUE">OID</attrtype><attwidth Sync="TRUE">4</attwidth><atprecis Sync="TRUE">0</atprecis><attscale Sync="TRUE">0</attscale><attrdef Sync="TRUE">Internal feature number.</attrdef><attrdefs Sync="TRUE">Esri</attrdefs><attrdomv><udom Sync="TRUE">Sequential unique whole numbers that are automatically generated.</udom></attrdomv></attr><attr><attrlabl Sync="TRUE">Shape</attrlabl><attalias Sync="TRUE">Shape</attalias><attrtype Sync="TRUE">Geometry</attrtype><attwidth Sync="TRUE">0</attwidth><atprecis Sync="TRUE">0</atprecis><attscale Sync="TRUE">0</attscale><attrdef Sync="TRUE">Feature geometry.</attrdef><attrdefs Sync="TRUE">Esri</attrdefs><attrdomv><udom Sync="TRUE">Coordinates defining the features.</udom></attrdomv></attr><attr><attrlabl Sync="TRUE">ForecastGroup</attrlabl><attalias Sync="TRUE">ForecastGroup</attalias><attrtype Sync="TRUE">String</attrtype><attwidth Sync="TRUE">25</attwidth><atprecis Sync="TRUE">0</atprecis><attscale Sync="TRUE">0</attscale></attr><attr><attrlabl Sync="TRUE">Basin</attrlabl><attalias Sync="TRUE">Basin</attalias><attrtype Sync="TRUE">String</attrtype><attwidth Sync="TRUE">50</attwidth><atprecis Sync="TRUE">0</atprecis><attscale Sync="TRUE">0</attscale></attr><attr><attrlabl Sync="TRUE">Shape_Length</attrlabl><attalias Sync="TRUE">Shape_Length</attalias><attrtype Sync="TRUE">Double</attrtype><attwidth Sync="TRUE">8</attwidth><atprecis Sync="TRUE">0</atprecis><attscale Sync="TRUE">0</attscale><attrdef Sync="TRUE">Length of feature in internal units.</attrdef><attrdefs Sync="TRUE">Esri</attrdefs><attrdomv><udom Sync="TRUE">Positive real numbers that are automatically generated.</udom></attrdomv></attr><attr><attrlabl Sync="TRUE">Shape_Area</attrlabl><attalias Sync="TRUE">Shape_Area</attalias><attrtype Sync="TRUE">Double</attrtype><attwidth Sync="TRUE">8</attwidth><atprecis Sync="TRUE">0</atprecis><attscale Sync="TRUE">0</attscale><attrdef Sync="TRUE">Area of feature in internal units squared.</attrdef><attrdefs Sync="TRUE">Esri</attrdefs><attrdomv><udom Sync="TRUE">Positive real numbers that are automatically generated.</udom></attrdomv></attr></detailed></eainfo><mdDateSt Sync="TRUE">20190712</mdDateSt></metadata>
